partOf,CONTRACT FOR MOBILE APPLICATION DEVELOPMENT SERVICESPOWERED BY DOCRACY.COM of 117CONTRACT FOR MOBILE APPLICATION DEVELOPMENTSERVICESAPPLICATION DEVELOPMENT AGREEMENT₠This Mobile Application Development Agreement (the ﬁAgreementﬂ) is entered into as ofDecember 31, 2011, effective as of February 20, 2012 (the ﬁEffective Dateﬂ) by and between____________________, (the ﬁDeveloperﬂ), and ____________________, a____________________ Limited Liability Corporation (the ﬁCompany,ﬂ and together with theDeveloper, the ﬁPartiesﬂ).,DOCRACY.COM,Organization,DOCRACY.COM of 1017€15
partOf,CONTRACT FOR MOBILE APPLICATION DEVELOPMENT SERVICESPOWERED BY DOCRACY.COM of 117CONTRACT FOR MOBILE APPLICATION DEVELOPMENTSERVICESAPPLICATION DEVELOPMENT AGREEMENT₠This Mobile Application Development Agreement (the ﬁAgreementﬂ) is entered into as ofDecember 31, 2011, effective as of February 20, 2012 (the ﬁEffective Dateﬂ) by and between____________________, (the ﬁDeveloperﬂ), and ____________________, a____________________ Limited Liability Corporation (the ﬁCompany,ﬂ and together with theDeveloper, the ﬁPartiesﬂ).,MOBILE APPLICATION DEVELOPMENT SERVICESPOWERED,Organization,Assign InterestCONTRACT FOR MOBILE APPLICATION DEVELOPMENT SERVICESPOWERED
partOf,₠NOW THEREFORE, in consideration of the above recitals and the mutual promises and benefitscontained herein, the Parties hereby agree as follows:CONTRACT FOR MOBILE APPLICATION DEVELOPMENT SERVICESPOWERED BY DOCRACY.COM of 2171.,DOCRACY.COM,Organization,DOCRACY.COM of 1017€15
partOf,₠NOW THEREFORE, in consideration of the above recitals and the mutual promises and benefitscontained herein, the Parties hereby agree as follows:CONTRACT FOR MOBILE APPLICATION DEVELOPMENT SERVICESPOWERED BY DOCRACY.COM of 2171.,MOBILE APPLICATION DEVELOPMENT SERVICESPOWERED,Organization,Assign InterestCONTRACT FOR MOBILE APPLICATION DEVELOPMENT SERVICESPOWERED
partOf,₠By either Party for a material breach of any provision of this Agreement by the other Party, ifthe other PartyMs material breach is not cured within three (3) days of receipt of written noticeCONTRACT FOR MOBILE APPLICATION DEVELOPMENT SERVICESPOWERED BY DOCRACY.COM of 3171.,DOCRACY.COM,Organization,DOCRACY.COM of 1017€15
partOf,₠By either Party for a material breach of any provision of this Agreement by the other Party, ifthe other PartyMs material breach is not cured within three (3) days of receipt of written noticeCONTRACT FOR MOBILE APPLICATION DEVELOPMENT SERVICESPOWERED BY DOCRACY.COM of 3171.,MOBILE APPLICATION DEVELOPMENT SERVICESPOWERED,Organization,Assign InterestCONTRACT FOR MOBILE APPLICATION DEVELOPMENT SERVICESPOWERED
partOf,₠On completion of the Application System, assist the Company in installation of the ApplicationSystem to its final location, which assistance will include helping the Company with its uploadCONTRACT FOR MOBILE APPLICATION DEVELOPMENT SERVICESPOWERED BY DOCRACY.COM of 4171.,DOCRACY.COM,Organization,DOCRACY.COM of 1017€15
partOf,₠On completion of the Application System, assist the Company in installation of the ApplicationSystem to its final location, which assistance will include helping the Company with its uploadCONTRACT FOR MOBILE APPLICATION DEVELOPMENT SERVICESPOWERED BY DOCRACY.COM of 4171.,MOBILE APPLICATION DEVELOPMENT SERVICESPOWERED,Organization,Assign InterestCONTRACT FOR MOBILE APPLICATION DEVELOPMENT SERVICESPOWERED
partOf,₠CONTRACT FOR MOBILE APPLICATION DEVELOPMENT SERVICESPOWERED BY DOCRACY.COM of 5171.,DOCRACY.COM,Organization,DOCRACY.COM of 1017€15
partOf,₠CONTRACT FOR MOBILE APPLICATION DEVELOPMENT SERVICESPOWERED BY DOCRACY.COM of 5171.,MOBILE APPLICATION DEVELOPMENT SERVICESPOWERED,Organization,Assign InterestCONTRACT FOR MOBILE APPLICATION DEVELOPMENT SERVICESPOWERED
partOf,₠The Developer has the experience and ability to perform the Services required by thisCONTRACT FOR MOBILE APPLICATION DEVELOPMENT SERVICESPOWERED BY DOCRACY.COM of 6171.,DOCRACY.COM,Organization,DOCRACY.COM of 1017€15
partOf,₠The Developer has the experience and ability to perform the Services required by thisCONTRACT FOR MOBILE APPLICATION DEVELOPMENT SERVICESPOWERED BY DOCRACY.COM of 6171.,MOBILE APPLICATION DEVELOPMENT SERVICESPOWERED,Organization,Assign InterestCONTRACT FOR MOBILE APPLICATION DEVELOPMENT SERVICESPOWERED
partOf,The Developer hereby warrants and represents that for a periodPerformanceCONTRACT FOR MOBILE APPLICATION DEVELOPMENT SERVICESPOWERED BY DOCRACY.COM of 717of 90 days following delivery of the Application System to the Company pursuant to  (the ﬁSupport Periodﬂ), the Website will be free from programming____________________errors and defects in workmanship and materials, and will conform to the specifications of .,DOCRACY.COM,Organization,DOCRACY.COM of 1017€15
partOf,The Developer hereby warrants and represents that for a periodPerformanceCONTRACT FOR MOBILE APPLICATION DEVELOPMENT SERVICESPOWERED BY DOCRACY.COM of 717of 90 days following delivery of the Application System to the Company pursuant to  (the ﬁSupport Periodﬂ), the Website will be free from programming____________________errors and defects in workmanship and materials, and will conform to the specifications of .,MOBILE APPLICATION DEVELOPMENT SERVICESPOWERED,Organization,Assign InterestCONTRACT FOR MOBILE APPLICATION DEVELOPMENT SERVICESPOWERED
partOf,To the extent such work may not beAdditional Action to Assign InterestCONTRACT FOR MOBILE APPLICATION DEVELOPMENT SERVICESPOWERED BY DOCRACY.COM of 917deemed a ﬁwork for hireﬂ under applicable law, the Developer hereby assigns to the Company allof its right, title, and interest in and to such work.,DOCRACY.COM,Organization,DOCRACY.COM of 1017€15
partOf,To the extent such work may not beAdditional Action to Assign InterestCONTRACT FOR MOBILE APPLICATION DEVELOPMENT SERVICESPOWERED BY DOCRACY.COM of 917deemed a ﬁwork for hireﬂ under applicable law, the Developer hereby assigns to the Company allof its right, title, and interest in and to such work.,Assign InterestCONTRACT FOR MOBILE APPLICATION DEVELOPMENT SERVICESPOWERED,Organization,Assign InterestCONTRACT FOR MOBILE APPLICATION DEVELOPMENT SERVICESPOWERED
partOf,All files, records, documents,blueprints, specifications, information, letters, notes, media lists, original artwork/creative,notebooks, and similar items relating to the CompanyMs business, whether prepared by theDeveloper or otherwise coming into its possession, shall remain the CompanyMs exclusive property.CONTRACT FOR MOBILE APPLICATION DEVELOPMENT SERVICESPOWERED BY DOCRACY.COM of 1017₠15.,DOCRACY.COM of 1017€15,Organization,DOCRACY.COM of 1017€15
partOf,All files, records, documents,blueprints, specifications, information, letters, notes, media lists, original artwork/creative,notebooks, and similar items relating to the CompanyMs business, whether prepared by theDeveloper or otherwise coming into its possession, shall remain the CompanyMs exclusive property.CONTRACT FOR MOBILE APPLICATION DEVELOPMENT SERVICESPOWERED BY DOCRACY.COM of 1017₠15.,MOBILE APPLICATION DEVELOPMENT SERVICESPOWERED,Organization,Assign InterestCONTRACT FOR MOBILE APPLICATION DEVELOPMENT SERVICESPOWERED
partOf,₠In exchange for the Design Fee, the Developer will produce an Application System, in accordancewith the Schedule of features detailed below:CONTRACT FOR MOBILE APPLICATION DEVELOPMENT SERVICESPOWERED BY DOCRACY.COM of 15171.,DOCRACY.COM of 15171,Organization,DOCRACY.COM of 1017€15
partOf,₠In exchange for the Design Fee, the Developer will produce an Application System, in accordancewith the Schedule of features detailed below:CONTRACT FOR MOBILE APPLICATION DEVELOPMENT SERVICESPOWERED BY DOCRACY.COM of 15171.,MOBILE APPLICATION DEVELOPMENT SERVICESPOWERED,Organization,Assign InterestCONTRACT FOR MOBILE APPLICATION DEVELOPMENT SERVICESPOWERED
partOf,TheDeveloper shall not include any links to other sites without the CompanyMs prior writtenconsent₠The maximum size for any screen shall be ____________________, the average size of anypage shall be____________________ to minimize download time₠The Application shall not include any of the DeveloperMs tools, either in object code and sourcecode form, that the Developer has already developed or that the Developer independentlydevelops or licenses from a third party₠E.₠₠₠₠ Platform RequiremenTS.CONTRACT FOR MOBILE APPLICATION DEVELOPMENT SERVICESPOWERED BY DOCRACY.COM of 16171.,DOCRACY.COM of 16171,Organization,DOCRACY.COM of 1017€15
partOf,TheDeveloper shall not include any links to other sites without the CompanyMs prior writtenconsent₠The maximum size for any screen shall be ____________________, the average size of anypage shall be____________________ to minimize download time₠The Application shall not include any of the DeveloperMs tools, either in object code and sourcecode form, that the Developer has already developed or that the Developer independentlydevelops or licenses from a third party₠E.₠₠₠₠ Platform RequiremenTS.CONTRACT FOR MOBILE APPLICATION DEVELOPMENT SERVICESPOWERED BY DOCRACY.COM of 16171.,RequiremenTS.CONTRACT FOR MOBILE APPLICATION DEVELOPMENT SERVICESPOWERED,Organization,Assign InterestCONTRACT FOR MOBILE APPLICATION DEVELOPMENT SERVICESPOWERED
employedBy,The Company agrees to do each of the following:Of the Company₠Engage the Developer as the creator of its Application System as further detailed in  to this Agreement.,creator,Person,€€€€€€€€€€€€€ WORK FOR HIRE
employedBy,The Company agrees to do each of the following:Of the Company₠Engage the Developer as the creator of its Application System as further detailed in  to this Agreement.,its,Organization,Existing Trademarksthe Company™s
employedBy,The Company agrees to do each of the following:Of the Company₠Engage the Developer as the creator of its Application System as further detailed in  to this Agreement.,creator,Person,€€€€€€€€€€€€€ WORK FOR HIRE
employedBy,The Company agrees to do each of the following:Of the Company₠Engage the Developer as the creator of its Application System as further detailed in  to this Agreement.,Application System,Organization,Application Systemmeets
partOf,The Company agrees to do each of the following:Of the Company₠Engage the Developer as the creator of its Application System as further detailed in  to this Agreement.,Application System,Organization,Application Systemmeets
partOf,The Company agrees to do each of the following:Of the Company₠Engage the Developer as the creator of its Application System as further detailed in  to this Agreement.,its,Organization,Existing Trademarksthe Company™s
agentOf,₠The Developer agrees to provide continued support for the Application System for 90 days afterthe iPhone application is successfully approved on the Apple Store (the ﬁSupport Periodﬂ).,Developer,Person,Developer
agentOf,₠The Developer agrees to provide continued support for the Application System for 90 days afterthe iPhone application is successfully approved on the Apple Store (the ﬁSupport Periodﬂ).,agrees,EventCommunication,agrees
managerOf,₠₠₠₠₠₠₠₠₠₠₠₠₠₠₠₠₠ CONFIDENTIAL INFORMATION.,€€€€€€€€€€€€€€€€€,Person,€€€€€€€€€€€€€€€€€
managerOf,₠₠₠₠₠₠₠₠₠₠₠₠₠₠₠₠₠ CONFIDENTIAL INFORMATION.,CONFIDENTIAL INFORMATION,Organization,CONFIDENTIAL INFORMATION
agentOf,₠The Developer agrees, during the Term and thereafter, to hold in strictest confidence, and not touse, except for the benefit of the Company, or to disclose to any person, firm, or corporationwithout the prior written authorization of the Company, any Confidential Information of theCompany.,Developer,Organization,MOBILE APPLICATION DEVELOPMENTSERVICESAPPLICATION DEVELOPMENT AGREEMENT€This Mobile Application Development Agreement
agentOf,₠The Developer agrees, during the Term and thereafter, to hold in strictest confidence, and not touse, except for the benefit of the Company, or to disclose to any person, firm, or corporationwithout the prior written authorization of the Company, any Confidential Information of theCompany.,agrees,EventCommunication,agrees
agentOf,₠The Developer has the right to perform the Services required by this Agreement at any place orlocation, and at such times as the Developer shall determine.,Developer,Person,Developer
agentOf,₠The Developer has the right to perform the Services required by this Agreement at any place orlocation, and at such times as the Developer shall determine.,Services,EventPerformance,Services
employedBy,₠The Developer is responsible for paying all ordinary and necessary expenses of itself or its staff.,staff,Person,staff
employedBy,₠The Developer is responsible for paying all ordinary and necessary expenses of itself or its staff.,its,Organization,MOBILE APPLICATION DEVELOPMENTSERVICESAPPLICATION DEVELOPMENT AGREEMENT€This Mobile Application Development Agreement
agentOf,₠The Company shall notify the Developer of any changes to its procedures affecting theDeveloperMs obligations under this Agreement at least three days prior to implementing suchchanges.,Company,Organization,Existing Trademarksthe Company™s
agentOf,₠The Company shall notify the Developer of any changes to its procedures affecting theDeveloperMs obligations under this Agreement at least three days prior to implementing suchchanges.,notify,EventCommunication,notify
affectedBy,₠The Company shall notify the Developer of any changes to its procedures affecting theDeveloperMs obligations under this Agreement at least three days prior to implementing suchchanges.,Developer,Person,Developer
affectedBy,₠The Company shall notify the Developer of any changes to its procedures affecting theDeveloperMs obligations under this Agreement at least three days prior to implementing suchchanges.,notify,EventCommunication,notify
partOf,RECITALS₠WHEREAS, the Company is engaged in providing ____________________; and₠WHEREAS, the Developer is engaged in the business of developing and designing mobileapplication solutions; and₠WHEREAS, the Company wishes to engage the Developer as an independent contractor for theCompany for the purpose of designing and developing the CompanyMs mobile ordering system (theﬁApplicationﬂ) on the terms and conditions set forth below; and₠WHEREAS, the Developer wishes to develop the Application and agrees to do so under the termsand conditions of this Agreement; and₠WHEREAS, each Party is duly authorized and capable of entering into this Agreement.,Company,Organization,Existing Trademarksthe Company™s
partOf,RECITALS₠WHEREAS, the Company is engaged in providing ____________________; and₠WHEREAS, the Developer is engaged in the business of developing and designing mobileapplication solutions; and₠WHEREAS, the Company wishes to engage the Developer as an independent contractor for theCompany for the purpose of designing and developing the CompanyMs mobile ordering system (theﬁApplicationﬂ) on the terms and conditions set forth below; and₠WHEREAS, the Developer wishes to develop the Application and agrees to do so under the termsand conditions of this Agreement; and₠WHEREAS, each Party is duly authorized and capable of entering into this Agreement.,Developer,Organization,MOBILE APPLICATION DEVELOPMENTSERVICESAPPLICATION DEVELOPMENT AGREEMENT€This Mobile Application Development Agreement
partOf,The Company has entered intoIndemnification of Company by Developerthis Agreement in reliance on information provided by the Developer, including the DeveloperMsexpress representation that it is an independent contractor and in compliance with all applicablelaws related to work as an independent contractor.,Company,Organization,Existing Trademarksthe Company™s
partOf,The Company has entered intoIndemnification of Company by Developerthis Agreement in reliance on information provided by the Developer, including the DeveloperMsexpress representation that it is an independent contractor and in compliance with all applicablelaws related to work as an independent contractor.,Developerthis Agreement,Organization,MOBILE APPLICATION DEVELOPMENTSERVICESAPPLICATION DEVELOPMENT AGREEMENT€This Mobile Application Development Agreement
partOf,The Developer hereby warrants and represents that for a periodPerformanceCONTRACT FOR MOBILE APPLICATION DEVELOPMENT SERVICESPOWERED BY DOCRACY.COM of 717of 90 days following delivery of the Application System to the Company pursuant to  (the ﬁSupport Periodﬂ), the Website will be free from programming____________________errors and defects in workmanship and materials, and will conform to the specifications of .,Company,Organization,Existing Trademarksthe Company™s
partOf,The Developer hereby warrants and represents that for a periodPerformanceCONTRACT FOR MOBILE APPLICATION DEVELOPMENT SERVICESPOWERED BY DOCRACY.COM of 717of 90 days following delivery of the Application System to the Company pursuant to  (the ﬁSupport Periodﬂ), the Website will be free from programming____________________errors and defects in workmanship and materials, and will conform to the specifications of .,Application System,Organization,Application Systemmeets
hasAttribute,₠10.,€,Person,€€€€€€€€€€€€€€€€€
hasAttribute,₠10.,10,Age,10
agentOf,The Developer shall inform the Company immediately of any anticipateddelays in the delivery schedule and of any remedial actions being taken to ensure completion of theApplication System according to such schedule.,Developer,Organization,MOBILE APPLICATION DEVELOPMENTSERVICESAPPLICATION DEVELOPMENT AGREEMENT€This Mobile Application Development Agreement
agentOf,The Developer shall inform the Company immediately of any anticipateddelays in the delivery schedule and of any remedial actions being taken to ensure completion of theApplication System according to such schedule.,inform,EventCommunication,inform
affectedBy,The Developer shall inform the Company immediately of any anticipateddelays in the delivery schedule and of any remedial actions being taken to ensure completion of theApplication System according to such schedule.,Company,Organization,Existing Trademarksthe Company™s
affectedBy,The Developer shall inform the Company immediately of any anticipateddelays in the delivery schedule and of any remedial actions being taken to ensure completion of theApplication System according to such schedule.,inform,EventCommunication,inform
agentOf,If a delivery date is missed, the Company may, inits sole discretion, declare such delay a material breach of the Agreement under subsection 4(a) andpursue all of its legal and equitable remedies.,Company,Organization,Existing Trademarksthe Company™s
agentOf,If a delivery date is missed, the Company may, inits sole discretion, declare such delay a material breach of the Agreement under subsection 4(a) andpursue all of its legal and equitable remedies.,declare,EventCommunication,declare
agentOf,The Developer agrees to perform theIndependent Contractor StatusServices hereunder solely as an independent contractor.,Developer,Organization,MOBILE APPLICATION DEVELOPMENTSERVICESAPPLICATION DEVELOPMENT AGREEMENT€This Mobile Application Development Agreement
agentOf,The Developer agrees to perform theIndependent Contractor StatusServices hereunder solely as an independent contractor.,agrees,EventCommunication,authorizing
agentOf,The Developer agrees to perform theIndependent Contractor StatusServices hereunder solely as an independent contractor.,contractor,Person,contractor
agentOf,The Developer agrees to perform theIndependent Contractor StatusServices hereunder solely as an independent contractor.,agrees,EventCommunication,authorizing
employedBy,The Parties agree that nothing in thisCONTRACT FOR MOBILE APPLICATION DEVELOPMENT SERVICESPOWERED BY DOCRACY.COM of 817Agreement shall be construed as creating a joint venture, partnership, franchise, agency,employer/employee, or similar relationship between the Parties, or as authorizing either Party toact as the agent of the other.,817Agreement,Person,817Agreement
employedBy,The Parties agree that nothing in thisCONTRACT FOR MOBILE APPLICATION DEVELOPMENT SERVICESPOWERED BY DOCRACY.COM of 817Agreement shall be construed as creating a joint venture, partnership, franchise, agency,employer/employee, or similar relationship between the Parties, or as authorizing either Party toact as the agent of the other.,DOCRACY.COM of,Organization,DOCRACY.COM of 1017€15
employedBy,The Company shall not be responsible for withholding taxes withrespect to the DeveloperMs compensation hereunder.,hereunder,Person,theCompany hereunder
employedBy,The Company shall not be responsible for withholding taxes withrespect to the DeveloperMs compensation hereunder.,Developer™s compensation,Organization,Developer™s compensation
employedBy,If any regulatory body or court of competentjurisdiction finds that the Developer is not an independent contractor and/or is not in compliancewith applicable laws related to work as an independent contractor, based on the DeveloperMs ownactions, the Developer shall assume full responsibility and liability for all taxes, assessments, andpenalties imposed against the Developer and/or the Company resulting from such contraryinterpretation, including but not limited to taxes, assessments, and penalties that would have beendeducted from the DeveloperMs earnings had the Developer been on the CompanyMs payroll andemployed as an employee of the Company.,employee,Person,contractor
employedBy,If any regulatory body or court of competentjurisdiction finds that the Developer is not an independent contractor and/or is not in compliancewith applicable laws related to work as an independent contractor, based on the DeveloperMs ownactions, the Developer shall assume full responsibility and liability for all taxes, assessments, andpenalties imposed against the Developer and/or the Company resulting from such contraryinterpretation, including but not limited to taxes, assessments, and penalties that would have beendeducted from the DeveloperMs earnings had the Developer been on the CompanyMs payroll andemployed as an employee of the Company.,Company,Organization,Existing Trademarksthe Company™s
agentOf,₠NOW THEREFORE, in consideration of the above recitals and the mutual promises and benefitscontained herein, the Parties hereby agree as follows:CONTRACT FOR MOBILE APPLICATION DEVELOPMENT SERVICESPOWERED BY DOCRACY.COM of 2171.,Parties hereby,Organization,Parties hereby
agentOf,₠NOW THEREFORE, in consideration of the above recitals and the mutual promises and benefitscontained herein, the Parties hereby agree as follows:CONTRACT FOR MOBILE APPLICATION DEVELOPMENT SERVICESPOWERED BY DOCRACY.COM of 2171.,agree,EventCommunication,agree
agentOf,The Developer expressly acknowledges and agrees that anyWork for Hireall proprietary materials prepared by the Developer under this Agreement shall be consideredﬁworks for hireﬂ and the exclusive property of the Company unless otherwise specified.,Developer,Person,Developer
agentOf,The Developer expressly acknowledges and agrees that anyWork for Hireall proprietary materials prepared by the Developer under this Agreement shall be consideredﬁworks for hireﬂ and the exclusive property of the Company unless otherwise specified.,acknowledges,EventCommunication,acknowledges
employedBy,The Developer expressly acknowledges and agrees that anyWork for Hireall proprietary materials prepared by the Developer under this Agreement shall be consideredﬁworks for hireﬂ and the exclusive property of the Company unless otherwise specified.,Developer,Person,Developer
employedBy,The Developer expressly acknowledges and agrees that anyWork for Hireall proprietary materials prepared by the Developer under this Agreement shall be consideredﬁworks for hireﬂ and the exclusive property of the Company unless otherwise specified.,Agreement,Organization,MOBILE APPLICATION DEVELOPMENTSERVICESAPPLICATION DEVELOPMENT AGREEMENT€This Mobile Application Development Agreement
agentOf,Theseitems shall include, but shall not be limited to, any and all deliverables resulting from theDeveloperMs Services or contemplated by this Agreement, all tangible results and proceeds of theServices, works in progress, records, diagrams, notes, drawings, specifications, schematics,documents, designs, improvements, inventions, discoveries, developments, trademarks, tradesecrets, customer lists, databases, software, programs, middleware, applications, and solutionsconceived, made, or discovered by the Developer, solely or in collaboration with others, during theTerm of this Agreement relating in any manner to the DeveloperMs Services.,Developer,Organization,MOBILE APPLICATION DEVELOPMENTSERVICESAPPLICATION DEVELOPMENT AGREEMENT€This Mobile Application Development Agreement
agentOf,Theseitems shall include, but shall not be limited to, any and all deliverables resulting from theDeveloperMs Services or contemplated by this Agreement, all tangible results and proceeds of theServices, works in progress, records, diagrams, notes, drawings, specifications, schematics,documents, designs, improvements, inventions, discoveries, developments, trademarks, tradesecrets, customer lists, databases, software, programs, middleware, applications, and solutionsconceived, made, or discovered by the Developer, solely or in collaboration with others, during theTerm of this Agreement relating in any manner to the DeveloperMs Services.,collaboration,EventMeeting,collaboration
participantIn,Theseitems shall include, but shall not be limited to, any and all deliverables resulting from theDeveloperMs Services or contemplated by this Agreement, all tangible results and proceeds of theServices, works in progress, records, diagrams, notes, drawings, specifications, schematics,documents, designs, improvements, inventions, discoveries, developments, trademarks, tradesecrets, customer lists, databases, software, programs, middleware, applications, and solutionsconceived, made, or discovered by the Developer, solely or in collaboration with others, during theTerm of this Agreement relating in any manner to the DeveloperMs Services.,others,Person,others
participantIn,Theseitems shall include, but shall not be limited to, any and all deliverables resulting from theDeveloperMs Services or contemplated by this Agreement, all tangible results and proceeds of theServices, works in progress, records, diagrams, notes, drawings, specifications, schematics,documents, designs, improvements, inventions, discoveries, developments, trademarks, tradesecrets, customer lists, databases, software, programs, middleware, applications, and solutionsconceived, made, or discovered by the Developer, solely or in collaboration with others, during theTerm of this Agreement relating in any manner to the DeveloperMs Services.,collaboration,EventMeeting,collaboration
partOf,If the Developer intends toNotice of Incorporation of Existing Workintegrate or incorporate any work that it previously created into any work product to be created infurtherance of its performance of the Services, the Developer must obtain the CompanyMs priorwritten approval of such integration or incorporation.,Developer,Organization,Developer™s compensation
partOf,If the Developer intends toNotice of Incorporation of Existing Workintegrate or incorporate any work that it previously created into any work product to be created infurtherance of its performance of the Services, the Developer must obtain the CompanyMs priorwritten approval of such integration or incorporation.,Incorporation of Existing Workintegrate,Organization,Incorporation of Existing Workintegrate
partOf,If the Developer intends toNotice of Incorporation of Existing Workintegrate or incorporate any work that it previously created into any work product to be created infurtherance of its performance of the Services, the Developer must obtain the CompanyMs priorwritten approval of such integration or incorporation.,its,Organization,Existing Trademarksthe Company™s
partOf,If the Developer intends toNotice of Incorporation of Existing Workintegrate or incorporate any work that it previously created into any work product to be created infurtherance of its performance of the Services, the Developer must obtain the CompanyMs priorwritten approval of such integration or incorporation.,Services,Organization,Developer™s compensation
partOf,₠The Developer hereby warrants to the Company that, to the best of its knowledge, it is notcurrently obliged under any existing contract or other duty that conflicts with or is inconsistentwith this Agreement.,Developer hereby warrants,Organization,Developer hereby warrants
partOf,₠The Developer hereby warrants to the Company that, to the best of its knowledge, it is notcurrently obliged under any existing contract or other duty that conflicts with or is inconsistentwith this Agreement.,Company,Organization,Existing Trademarksthe Company™s
agentOf,₠₠₠₠₠₠₠₠₠₠₠₠₠ RETURN OF PROPERTY.Within three (3) days of the termination of this Agreement, whether by expiration or otherwise,the Developer agrees to return to the Company all Company products, samples, models, or otherproperty and all documents, retaining no copies or notes, relating to the CompanyMs businessincluding, but not limited to, reports, abstracts, lists, correspondence, information, computer files,computer disks, and all other materials and all copies of such material obtained by the Developerduring and in connection with its representation of the Company.,Agreement,Organization,MOBILE APPLICATION DEVELOPMENTSERVICESAPPLICATION DEVELOPMENT AGREEMENT€This Mobile Application Development Agreement
agentOf,₠₠₠₠₠₠₠₠₠₠₠₠₠ RETURN OF PROPERTY.Within three (3) days of the termination of this Agreement, whether by expiration or otherwise,the Developer agrees to return to the Company all Company products, samples, models, or otherproperty and all documents, retaining no copies or notes, relating to the CompanyMs businessincluding, but not limited to, reports, abstracts, lists, correspondence, information, computer files,computer disks, and all other materials and all copies of such material obtained by the Developerduring and in connection with its representation of the Company.,termination,EventPersonnel,termination
agentOf,₠₠₠₠₠₠₠₠₠₠₠₠₠ RETURN OF PROPERTY.Within three (3) days of the termination of this Agreement, whether by expiration or otherwise,the Developer agrees to return to the Company all Company products, samples, models, or otherproperty and all documents, retaining no copies or notes, relating to the CompanyMs businessincluding, but not limited to, reports, abstracts, lists, correspondence, information, computer files,computer disks, and all other materials and all copies of such material obtained by the Developerduring and in connection with its representation of the Company.,Developer,Organization,Developer™s compensation
agentOf,₠₠₠₠₠₠₠₠₠₠₠₠₠ RETURN OF PROPERTY.Within three (3) days of the termination of this Agreement, whether by expiration or otherwise,the Developer agrees to return to the Company all Company products, samples, models, or otherproperty and all documents, retaining no copies or notes, relating to the CompanyMs businessincluding, but not limited to, reports, abstracts, lists, correspondence, information, computer files,computer disks, and all other materials and all copies of such material obtained by the Developerduring and in connection with its representation of the Company.,agrees,EventCommunication,agrees
agentOf,All files, records, documents,blueprints, specifications, information, letters, notes, media lists, original artwork/creative,notebooks, and similar items relating to the CompanyMs business, whether prepared by theDeveloper or otherwise coming into its possession, shall remain the CompanyMs exclusive property.CONTRACT FOR MOBILE APPLICATION DEVELOPMENT SERVICESPOWERED BY DOCRACY.COM of 1017₠15.,media,Organization,media
agentOf,All files, records, documents,blueprints, specifications, information, letters, notes, media lists, original artwork/creative,notebooks, and similar items relating to the CompanyMs business, whether prepared by theDeveloper or otherwise coming into its possession, shall remain the CompanyMs exclusive property.CONTRACT FOR MOBILE APPLICATION DEVELOPMENT SERVICESPOWERED BY DOCRACY.COM of 1017₠15.,lists,EventCommunication,lists
partOf,This shall include any delays to the timeline specified in Schedule A.₠By the Company at any time and without prior notice, if the Developer is convicted of anycrime or offense, fails or refuses to comply with the written policies or reasonable directives ofthe Company, or is guilty of serious misconduct in connection with performance under thisAgreement.,Developer,Organization,MOBILE APPLICATION DEVELOPMENTSERVICESAPPLICATION DEVELOPMENT AGREEMENT€This Mobile Application Development Agreement
partOf,This shall include any delays to the timeline specified in Schedule A.₠By the Company at any time and without prior notice, if the Developer is convicted of anycrime or offense, fails or refuses to comply with the written policies or reasonable directives ofthe Company, or is guilty of serious misconduct in connection with performance under thisAgreement.,Company,Organization,Existing Trademarksthe Company™s
partOf,₠The Company shall notify the Developer of any changes to its procedures affecting theDeveloperMs obligations under this Agreement at least three days prior to implementing suchchanges.,Agreement,Organization,MOBILE APPLICATION DEVELOPMENTSERVICESAPPLICATION DEVELOPMENT AGREEMENT€This Mobile Application Development Agreement
partOf,₠The Company shall notify the Developer of any changes to its procedures affecting theDeveloperMs obligations under this Agreement at least three days prior to implementing suchchanges.,its,Organization,Existing Trademarksthe Company™s
partOfMany,₠(a)₠₠₠₠₠₠₠₠₠₠₠₠₠₠₠  The Developer shall indemnify and holdOf Company by Developer.harmless the Company and its officers, members, managers, employees, agents, contractors,sublicensees, affiliates, subsidiaries, successors and assigns from and against any and all damages,liabilities, costs, expenses, claims, and/or judgments, including, without limitation, reasonableattorneysM fees and disbursements (collectively, the ﬁClaimsﬂ) that any of them may suffer from orincur and that arise or result primarily from (i) any gross negligence or willful misconduct of theDeveloper arising from or connected with the DeveloperMs carrying out of its duties under thisAgreement, or (ii) the DeveloperMs breach of any of its obligations, agreements, or duties under thisAgreement.,Developer,Organization,Developer™s compensation
partOfMany,₠(a)₠₠₠₠₠₠₠₠₠₠₠₠₠₠₠  The Developer shall indemnify and holdOf Company by Developer.harmless the Company and its officers, members, managers, employees, agents, contractors,sublicensees, affiliates, subsidiaries, successors and assigns from and against any and all damages,liabilities, costs, expenses, claims, and/or judgments, including, without limitation, reasonableattorneysM fees and disbursements (collectively, the ﬁClaimsﬂ) that any of them may suffer from orincur and that arise or result primarily from (i) any gross negligence or willful misconduct of theDeveloper arising from or connected with the DeveloperMs carrying out of its duties under thisAgreement, or (ii) the DeveloperMs breach of any of its obligations, agreements, or duties under thisAgreement.,Company,Organization,Existing Trademarksthe Company™s
employedBy,₠(a)₠₠₠₠₠₠₠₠₠₠₠₠₠₠₠  The Developer shall indemnify and holdOf Company by Developer.harmless the Company and its officers, members, managers, employees, agents, contractors,sublicensees, affiliates, subsidiaries, successors and assigns from and against any and all damages,liabilities, costs, expenses, claims, and/or judgments, including, without limitation, reasonableattorneysM fees and disbursements (collectively, the ﬁClaimsﬂ) that any of them may suffer from orincur and that arise or result primarily from (i) any gross negligence or willful misconduct of theDeveloper arising from or connected with the DeveloperMs carrying out of its duties under thisAgreement, or (ii) the DeveloperMs breach of any of its obligations, agreements, or duties under thisAgreement.,officers,Person,officers
employedBy,₠(a)₠₠₠₠₠₠₠₠₠₠₠₠₠₠₠  The Developer shall indemnify and holdOf Company by Developer.harmless the Company and its officers, members, managers, employees, agents, contractors,sublicensees, affiliates, subsidiaries, successors and assigns from and against any and all damages,liabilities, costs, expenses, claims, and/or judgments, including, without limitation, reasonableattorneysM fees and disbursements (collectively, the ﬁClaimsﬂ) that any of them may suffer from orincur and that arise or result primarily from (i) any gross negligence or willful misconduct of theDeveloper arising from or connected with the DeveloperMs carrying out of its duties under thisAgreement, or (ii) the DeveloperMs breach of any of its obligations, agreements, or duties under thisAgreement.,its,Organization,Existing Trademarksthe Company™s
managerOf,The Company shall indemnify and hold harmlessOf Developer by Companythe Developer from and against all Claims that it may suffer from or incur and that arise or resultprimarily from (i) the CompanyMs operation of its business, (ii) the CompanyMs breach or allegedbreach of, or its failure or alleged failure to perform under, any agreement to which it is a party, or(iii) the CompanyMs breach of any of its obligations, agreements, or duties under this Agreement; , none of the foregoing result from or arise out of the actions or inactions of theprovided, howeverDeveloper.,Developer,Person,Developer
managerOf,The Company shall indemnify and hold harmlessOf Developer by Companythe Developer from and against all Claims that it may suffer from or incur and that arise or resultprimarily from (i) the CompanyMs operation of its business, (ii) the CompanyMs breach or allegedbreach of, or its failure or alleged failure to perform under, any agreement to which it is a party, or(iii) the CompanyMs breach of any of its obligations, agreements, or duties under this Agreement; , none of the foregoing result from or arise out of the actions or inactions of theprovided, howeverDeveloper.,Companythe,Organization,Companythe
managerOf,The Company shall indemnify and hold harmlessOf Developer by Companythe Developer from and against all Claims that it may suffer from or incur and that arise or resultprimarily from (i) the CompanyMs operation of its business, (ii) the CompanyMs breach or allegedbreach of, or its failure or alleged failure to perform under, any agreement to which it is a party, or(iii) the CompanyMs breach of any of its obligations, agreements, or duties under this Agreement; , none of the foregoing result from or arise out of the actions or inactions of theprovided, howeverDeveloper.,Developer,Person,Developer
managerOf,The Company shall indemnify and hold harmlessOf Developer by Companythe Developer from and against all Claims that it may suffer from or incur and that arise or resultprimarily from (i) the CompanyMs operation of its business, (ii) the CompanyMs breach or allegedbreach of, or its failure or alleged failure to perform under, any agreement to which it is a party, or(iii) the CompanyMs breach of any of its obligations, agreements, or duties under this Agreement; , none of the foregoing result from or arise out of the actions or inactions of theprovided, howeverDeveloper.,Companythe,Organization,Companythe
ownerOf,₠₠₠₠₠₠₠₠₠₠₠₠₠ INTELLECTUAL PROPERTY.,€€€€€€€€€€€€€,Person,€€€€€€€€€€€€€€€€€
ownerOf,₠₠₠₠₠₠₠₠₠₠₠₠₠ INTELLECTUAL PROPERTY.,PROPERTY,Facility,PROPERTY
partOf,The Company representsNo Intellectual Property Infringement by Companyto the Developer and unconditionally guarantees that any elements of text, graphics, photos,designs, trademarks, or other artwork furnished to the Developer for inclusion in the Website areCONTRACT FOR MOBILE APPLICATION DEVELOPMENT SERVICESPOWERED BY DOCRACY.COM of 1117owned by the Company, or that the Company has permission from the rightful owner to use eachof these elements, and will hold harmless, protect, indemnify, and defend the Developer and itssubcontractors from any liability (including attorneysM fees and court costs), including any claim orsuit, threatened or actual, arising from the use of such elements furnished by the Company.,Intellectual Property Infringement,Organization,herebyNo Intellectual Property Infringement
partOf,The Company representsNo Intellectual Property Infringement by Companyto the Developer and unconditionally guarantees that any elements of text, graphics, photos,designs, trademarks, or other artwork furnished to the Developer for inclusion in the Website areCONTRACT FOR MOBILE APPLICATION DEVELOPMENT SERVICESPOWERED BY DOCRACY.COM of 1117owned by the Company, or that the Company has permission from the rightful owner to use eachof these elements, and will hold harmless, protect, indemnify, and defend the Developer and itssubcontractors from any liability (including attorneysM fees and court costs), including any claim orsuit, threatened or actual, arising from the use of such elements furnished by the Company.,Company,Organization,Existing Trademarksthe Company™s
partOf,The Company representsNo Intellectual Property Infringement by Companyto the Developer and unconditionally guarantees that any elements of text, graphics, photos,designs, trademarks, or other artwork furnished to the Developer for inclusion in the Website areCONTRACT FOR MOBILE APPLICATION DEVELOPMENT SERVICESPOWERED BY DOCRACY.COM of 1117owned by the Company, or that the Company has permission from the rightful owner to use eachof these elements, and will hold harmless, protect, indemnify, and defend the Developer and itssubcontractors from any liability (including attorneysM fees and court costs), including any claim orsuit, threatened or actual, arising from the use of such elements furnished by the Company.,Developer,Organization,Developer.represents
partOf,The Company representsNo Intellectual Property Infringement by Companyto the Developer and unconditionally guarantees that any elements of text, graphics, photos,designs, trademarks, or other artwork furnished to the Developer for inclusion in the Website areCONTRACT FOR MOBILE APPLICATION DEVELOPMENT SERVICESPOWERED BY DOCRACY.COM of 1117owned by the Company, or that the Company has permission from the rightful owner to use eachof these elements, and will hold harmless, protect, indemnify, and defend the Developer and itssubcontractors from any liability (including attorneysM fees and court costs), including any claim orsuit, threatened or actual, arising from the use of such elements furnished by the Company.,Companyto,Organization,Companyto
employedBy,The Company representsNo Intellectual Property Infringement by Companyto the Developer and unconditionally guarantees that any elements of text, graphics, photos,designs, trademarks, or other artwork furnished to the Developer for inclusion in the Website areCONTRACT FOR MOBILE APPLICATION DEVELOPMENT SERVICESPOWERED BY DOCRACY.COM of 1117owned by the Company, or that the Company has permission from the rightful owner to use eachof these elements, and will hold harmless, protect, indemnify, and defend the Developer and itssubcontractors from any liability (including attorneysM fees and court costs), including any claim orsuit, threatened or actual, arising from the use of such elements furnished by the Company.,1117owned,Person,1117owned
employedBy,The Company representsNo Intellectual Property Infringement by Companyto the Developer and unconditionally guarantees that any elements of text, graphics, photos,designs, trademarks, or other artwork furnished to the Developer for inclusion in the Website areCONTRACT FOR MOBILE APPLICATION DEVELOPMENT SERVICESPOWERED BY DOCRACY.COM of 1117owned by the Company, or that the Company has permission from the rightful owner to use eachof these elements, and will hold harmless, protect, indemnify, and defend the Developer and itssubcontractors from any liability (including attorneysM fees and court costs), including any claim orsuit, threatened or actual, arising from the use of such elements furnished by the Company.,DOCRACY.COM of,Organization,DOCRACY.COM of 1017€15
employedBy,The Company representsNo Intellectual Property Infringement by Companyto the Developer and unconditionally guarantees that any elements of text, graphics, photos,designs, trademarks, or other artwork furnished to the Developer for inclusion in the Website areCONTRACT FOR MOBILE APPLICATION DEVELOPMENT SERVICESPOWERED BY DOCRACY.COM of 1117owned by the Company, or that the Company has permission from the rightful owner to use eachof these elements, and will hold harmless, protect, indemnify, and defend the Developer and itssubcontractors from any liability (including attorneysM fees and court costs), including any claim orsuit, threatened or actual, arising from the use of such elements furnished by the Company.,1117owned,Person,1117owned
employedBy,The Company representsNo Intellectual Property Infringement by Companyto the Developer and unconditionally guarantees that any elements of text, graphics, photos,designs, trademarks, or other artwork furnished to the Developer for inclusion in the Website areCONTRACT FOR MOBILE APPLICATION DEVELOPMENT SERVICESPOWERED BY DOCRACY.COM of 1117owned by the Company, or that the Company has permission from the rightful owner to use eachof these elements, and will hold harmless, protect, indemnify, and defend the Developer and itssubcontractors from any liability (including attorneysM fees and court costs), including any claim orsuit, threatened or actual, arising from the use of such elements furnished by the Company.,Company,Organization,Existing Trademarksthe Company™s
hasAttribute,₠17.,€,Person,€€€€€€€€€€€€€€€€€
hasAttribute,₠17.,17,Age,17
productOf,The Developer may not,without the written consent of the Company, assign, subcontract, or delegate its obligations underthis Agreement, except that the Developer may transfer the right to receive any amounts that maybe payable to it for its Services under this Agreement, which transfer will be effective only afterreceipt by the Company of written notice of such assignment or transfer.,Services,Product,Services
productOf,The Developer may not,without the written consent of the Company, assign, subcontract, or delegate its obligations underthis Agreement, except that the Developer may transfer the right to receive any amounts that maybe payable to it for its Services under this Agreement, which transfer will be effective only afterreceipt by the Company of written notice of such assignment or transfer.,its,Organization,its
agentOf,This shall include any delays to the timeline specified in Schedule A.₠By the Company at any time and without prior notice, if the Developer is convicted of anycrime or offense, fails or refuses to comply with the written policies or reasonable directives ofthe Company, or is guilty of serious misconduct in connection with performance under thisAgreement.,Developer,Organization,MOBILE APPLICATION DEVELOPMENTSERVICESAPPLICATION DEVELOPMENT AGREEMENT€This Mobile Application Development Agreement
agentOf,This shall include any delays to the timeline specified in Schedule A.₠By the Company at any time and without prior notice, if the Developer is convicted of anycrime or offense, fails or refuses to comply with the written policies or reasonable directives ofthe Company, or is guilty of serious misconduct in connection with performance under thisAgreement.,convicted,EventLegal,convicted
hasAttribute,₠19.,€,Person,€€€€€€€€€€€€€€€€€
hasAttribute,₠19.,19,Age,19
agentOf,₠A Party shall be not be considered in breach of or in default under this Agreement on account of,and shall not be liable to the other Party for, any delay or failure to perform its obligationshereunder by reason of fire, earthquake, flood, explosion, strike, riot, war, terrorism, or similarevent beyond that PartyMs reasonable control (each a ﬁForce Majeure Eventﬂ); ,provided, howeverif a Force Majeure Event occurs, the affected Party shall, as soon as practicable:₠(a)₠₠₠₠₠₠₠₠₠₠₠₠₠₠₠ notify the other Party of the Force Majeure Event and its impact onperformance under this Agreement; and₠(b)₠₠₠₠₠₠₠₠₠₠₠₠₠₠ use reasonable efforts to resolve any issues resulting from the Force MajeureEvent and perform its obligations hereunder.,Force Majeure Event occurs,Organization,Force Majeure Event occurs
agentOf,₠A Party shall be not be considered in breach of or in default under this Agreement on account of,and shall not be liable to the other Party for, any delay or failure to perform its obligationshereunder by reason of fire, earthquake, flood, explosion, strike, riot, war, terrorism, or similarevent beyond that PartyMs reasonable control (each a ﬁForce Majeure Eventﬂ); ,provided, howeverif a Force Majeure Event occurs, the affected Party shall, as soon as practicable:₠(a)₠₠₠₠₠₠₠₠₠₠₠₠₠₠₠ notify the other Party of the Force Majeure Event and its impact onperformance under this Agreement; and₠(b)₠₠₠₠₠₠₠₠₠₠₠₠₠₠ use reasonable efforts to resolve any issues resulting from the Force MajeureEvent and perform its obligations hereunder.,notify,EventCommunication,notify
partOf,₠A Party shall be not be considered in breach of or in default under this Agreement on account of,and shall not be liable to the other Party for, any delay or failure to perform its obligationshereunder by reason of fire, earthquake, flood, explosion, strike, riot, war, terrorism, or similarevent beyond that PartyMs reasonable control (each a ﬁForce Majeure Eventﬂ); ,provided, howeverif a Force Majeure Event occurs, the affected Party shall, as soon as practicable:₠(a)₠₠₠₠₠₠₠₠₠₠₠₠₠₠₠ notify the other Party of the Force Majeure Event and its impact onperformance under this Agreement; and₠(b)₠₠₠₠₠₠₠₠₠₠₠₠₠₠ use reasonable efforts to resolve any issues resulting from the Force MajeureEvent and perform its obligations hereunder.,Party,Organization,Termination€By either Party
partOf,₠A Party shall be not be considered in breach of or in default under this Agreement on account of,and shall not be liable to the other Party for, any delay or failure to perform its obligationshereunder by reason of fire, earthquake, flood, explosion, strike, riot, war, terrorism, or similarevent beyond that PartyMs reasonable control (each a ﬁForce Majeure Eventﬂ); ,provided, howeverif a Force Majeure Event occurs, the affected Party shall, as soon as practicable:₠(a)₠₠₠₠₠₠₠₠₠₠₠₠₠₠₠ notify the other Party of the Force Majeure Event and its impact onperformance under this Agreement; and₠(b)₠₠₠₠₠₠₠₠₠₠₠₠₠₠ use reasonable efforts to resolve any issues resulting from the Force MajeureEvent and perform its obligations hereunder.,Force Majeure Event,Organization,Force Majeure Event occurs
hasAttribute,₠22.,€,Person,€€€€€€€€€€€€€€€€€
hasAttribute,₠22.,22,Age,22
agentOf,₠Any notice or other communication provided for herein or given hereunder to a Party hereto shallbe in writing and shall be given in person, by overnight courier, or by mail (registered or certifiedmail, postage prepaid, return-receipt requested) to the respective Parties as follows:₠CONTRACT FOR MOBILE APPLICATION DEVELOPMENT SERVICESPOWERED BY DOCRACY.COM of 1317If to the Company:₠₠₠₠₠₠₠₠₠₠₠₠____________________₠If to the Developer:₠____________________₠23.,Parties,Organization,Parties hereby
agentOf,₠Any notice or other communication provided for herein or given hereunder to a Party hereto shallbe in writing and shall be given in person, by overnight courier, or by mail (registered or certifiedmail, postage prepaid, return-receipt requested) to the respective Parties as follows:₠CONTRACT FOR MOBILE APPLICATION DEVELOPMENT SERVICESPOWERED BY DOCRACY.COM of 1317If to the Company:₠₠₠₠₠₠₠₠₠₠₠₠____________________₠If to the Developer:₠____________________₠23.,requested,EventCommunication,requested
employedBy,₠Any notice or other communication provided for herein or given hereunder to a Party hereto shallbe in writing and shall be given in person, by overnight courier, or by mail (registered or certifiedmail, postage prepaid, return-receipt requested) to the respective Parties as follows:₠CONTRACT FOR MOBILE APPLICATION DEVELOPMENT SERVICESPOWERED BY DOCRACY.COM of 1317If to the Company:₠₠₠₠₠₠₠₠₠₠₠₠____________________₠If to the Developer:₠____________________₠23.,1317If,Person,1317If
employedBy,₠Any notice or other communication provided for herein or given hereunder to a Party hereto shallbe in writing and shall be given in person, by overnight courier, or by mail (registered or certifiedmail, postage prepaid, return-receipt requested) to the respective Parties as follows:₠CONTRACT FOR MOBILE APPLICATION DEVELOPMENT SERVICESPOWERED BY DOCRACY.COM of 1317If to the Company:₠₠₠₠₠₠₠₠₠₠₠₠____________________₠If to the Developer:₠____________________₠23.,DOCRACY.COM of,Organization,DOCRACY.COM of 1017€15
employedBy,₠Any notice or other communication provided for herein or given hereunder to a Party hereto shallbe in writing and shall be given in person, by overnight courier, or by mail (registered or certifiedmail, postage prepaid, return-receipt requested) to the respective Parties as follows:₠CONTRACT FOR MOBILE APPLICATION DEVELOPMENT SERVICESPOWERED BY DOCRACY.COM of 1317If to the Company:₠₠₠₠₠₠₠₠₠₠₠₠____________________₠If to the Developer:₠____________________₠23.,1317If,Person,1317If
employedBy,₠Any notice or other communication provided for herein or given hereunder to a Party hereto shallbe in writing and shall be given in person, by overnight courier, or by mail (registered or certifiedmail, postage prepaid, return-receipt requested) to the respective Parties as follows:₠CONTRACT FOR MOBILE APPLICATION DEVELOPMENT SERVICESPOWERED BY DOCRACY.COM of 1317If to the Company:₠₠₠₠₠₠₠₠₠₠₠₠____________________₠If to the Developer:₠____________________₠23.,Company,Organization,Existing Trademarksthe Company™s
hasAttribute,₠Any notice or other communication provided for herein or given hereunder to a Party hereto shallbe in writing and shall be given in person, by overnight courier, or by mail (registered or certifiedmail, postage prepaid, return-receipt requested) to the respective Parties as follows:₠CONTRACT FOR MOBILE APPLICATION DEVELOPMENT SERVICESPOWERED BY DOCRACY.COM of 1317If to the Company:₠₠₠₠₠₠₠₠₠₠₠₠____________________₠If to the Developer:₠____________________₠23.,€____________________€,Person,€€€€€€€€€€€€€€€€€
hasAttribute,₠Any notice or other communication provided for herein or given hereunder to a Party hereto shallbe in writing and shall be given in person, by overnight courier, or by mail (registered or certifiedmail, postage prepaid, return-receipt requested) to the respective Parties as follows:₠CONTRACT FOR MOBILE APPLICATION DEVELOPMENT SERVICESPOWERED BY DOCRACY.COM of 1317If to the Company:₠₠₠₠₠₠₠₠₠₠₠₠____________________₠If to the Developer:₠____________________₠23.,23,Age,23
locatedAt,₠This Agreement shall be governed by the laws of the state of New York.,Agreement,Organization,MOBILE APPLICATION DEVELOPMENTSERVICESAPPLICATION DEVELOPMENT AGREEMENT€This Mobile Application Development Agreement
locatedAt,₠This Agreement shall be governed by the laws of the state of New York.,New York,GeopoliticalEntity,New York
affectedBy,₠This Agreement may be executed in one or more counterparts, each of which shall be deemed anoriginal but all of which shall constitute one and the same instrument.,counterparts,Person,counterparts
affectedBy,₠This Agreement may be executed in one or more counterparts, each of which shall be deemed anoriginal but all of which shall constitute one and the same instrument.,executed,EventLegal,convicted
agentOf,The Developer acknowledges and agrees that no other compensation, of any nature ortype, shall be payable hereunder following the termination of this Agreement.,Developer,Organization,MOBILE APPLICATION DEVELOPMENTSERVICESAPPLICATION DEVELOPMENT AGREEMENT€This Mobile Application Development Agreement
agentOf,The Developer acknowledges and agrees that no other compensation, of any nature ortype, shall be payable hereunder following the termination of this Agreement.,acknowledges,EventCommunication,acknowledges
hasAttribute,₠25.,€,Person,€€€€€€€€€€€€€€€€€
hasAttribute,₠25.,25,Age,25
employedBy,₠Whenever possible, each provision of this Agreement will be interpreted in such manner as to beeffective and valid under applicable law, but if any provision of this Agreement is held to beinvalid, illegal, or unenforceable in any respect under any applicable law or rule in any jurisdiction,such invalidity, illegality, or unenforceability will not affect any other provision or any otherCONTRACT FOR MOBILE APPLICATION DEVELOPMENT SERVICESPOWERED BY DOCRACY.COM of 1417jurisdiction, but this Agreement will be reformed, construed, and enforced in such jurisdiction as ifsuch invalid, illegal, or unenforceable provisions had never been contained herein.,1417jurisdiction,Person,1417jurisdiction
employedBy,₠Whenever possible, each provision of this Agreement will be interpreted in such manner as to beeffective and valid under applicable law, but if any provision of this Agreement is held to beinvalid, illegal, or unenforceable in any respect under any applicable law or rule in any jurisdiction,such invalidity, illegality, or unenforceability will not affect any other provision or any otherCONTRACT FOR MOBILE APPLICATION DEVELOPMENT SERVICESPOWERED BY DOCRACY.COM of 1417jurisdiction, but this Agreement will be reformed, construed, and enforced in such jurisdiction as ifsuch invalid, illegal, or unenforceable provisions had never been contained herein.,DOCRACY.COM of,Organization,DOCRACY.COM of 1017€15
hasAttribute,₠26.,€,Person,€€€€€€€€€€€€€€€€€
hasAttribute,₠26.,26,Age,26
locatedAt,₠The Application System will be comprised of three parts Œ i) webservices and database, ii)____________________, and iii) ____________________.,Œ i,Person,Œ i
locatedAt,₠The Application System will be comprised of three parts Œ i) webservices and database, ii)____________________, and iii) ____________________.,parts,Location,parts
locatedAt,₠All content shall be provided to the Developer by the Company in the formats specified below:₠₠All text shall be provided in ASCII, RTF, PageMaker, WordPerfect, Word, PDF, or HTML₠All graphics shall be provided in TIFF, GIF, JPEG, or PMP formats₠D.₠₠₠ SPECIFICATIONS.,ASCII,GeopoliticalEntity,ASCII
locatedAt,₠All content shall be provided to the Developer by the Company in the formats specified below:₠₠All text shall be provided in ASCII, RTF, PageMaker, WordPerfect, Word, PDF, or HTML₠All graphics shall be provided in TIFF, GIF, JPEG, or PMP formats₠D.₠₠₠ SPECIFICATIONS.,RTF,GeopoliticalEntity,RTF
locatedAt,₠All content shall be provided to the Developer by the Company in the formats specified below:₠₠All text shall be provided in ASCII, RTF, PageMaker, WordPerfect, Word, PDF, or HTML₠All graphics shall be provided in TIFF, GIF, JPEG, or PMP formats₠D.₠₠₠ SPECIFICATIONS.,RTF,GeopoliticalEntity,RTF
locatedAt,₠All content shall be provided to the Developer by the Company in the formats specified below:₠₠All text shall be provided in ASCII, RTF, PageMaker, WordPerfect, Word, PDF, or HTML₠All graphics shall be provided in TIFF, GIF, JPEG, or PMP formats₠D.₠₠₠ SPECIFICATIONS.,PageMaker,GeopoliticalEntity,PageMaker
locatedAt,₠All content shall be provided to the Developer by the Company in the formats specified below:₠₠All text shall be provided in ASCII, RTF, PageMaker, WordPerfect, Word, PDF, or HTML₠All graphics shall be provided in TIFF, GIF, JPEG, or PMP formats₠D.₠₠₠ SPECIFICATIONS.,TIFF,GeopoliticalEntity,TIFF
locatedAt,₠All content shall be provided to the Developer by the Company in the formats specified below:₠₠All text shall be provided in ASCII, RTF, PageMaker, WordPerfect, Word, PDF, or HTML₠All graphics shall be provided in TIFF, GIF, JPEG, or PMP formats₠D.₠₠₠ SPECIFICATIONS.,GIF,GeopoliticalEntity,GIF
locatedAt,₠All content shall be provided to the Developer by the Company in the formats specified below:₠₠All text shall be provided in ASCII, RTF, PageMaker, WordPerfect, Word, PDF, or HTML₠All graphics shall be provided in TIFF, GIF, JPEG, or PMP formats₠D.₠₠₠ SPECIFICATIONS.,GIF,GeopoliticalEntity,GIF
locatedAt,₠All content shall be provided to the Developer by the Company in the formats specified below:₠₠All text shall be provided in ASCII, RTF, PageMaker, WordPerfect, Word, PDF, or HTML₠All graphics shall be provided in TIFF, GIF, JPEG, or PMP formats₠D.₠₠₠ SPECIFICATIONS.,JPEG,GeopoliticalEntity,JPEG
basedIn,₠All content shall be provided to the Developer by the Company in the formats specified below:₠₠All text shall be provided in ASCII, RTF, PageMaker, WordPerfect, Word, PDF, or HTML₠All graphics shall be provided in TIFF, GIF, JPEG, or PMP formats₠D.₠₠₠ SPECIFICATIONS.,PMP formats€D.€€€ SPECIFICATIONS,Organization,PMP formats€D.€€€ SPECIFICATIONS
basedIn,₠All content shall be provided to the Developer by the Company in the formats specified below:₠₠All text shall be provided in ASCII, RTF, PageMaker, WordPerfect, Word, PDF, or HTML₠All graphics shall be provided in TIFF, GIF, JPEG, or PMP formats₠D.₠₠₠ SPECIFICATIONS.,GIF,GeopoliticalEntity,GIF
agentOf,₠The Parties hereby agree on the following specifications for the Application (collectively, theﬁSpecificationsﬂ):₠The graphics used in the Application shall be in JPEG₠The Developer shall develop the Application to project the highest professional image.,Parties hereby,Organization,Parties hereby
agentOf,₠The Parties hereby agree on the following specifications for the Application (collectively, theﬁSpecificationsﬂ):₠The graphics used in the Application shall be in JPEG₠The Developer shall develop the Application to project the highest professional image.,agree,EventCommunication,agree
agentOf,The Developer acknowledges and agrees that no other compensation, of any nature ortype, shall be payable hereunder following the termination of this Agreement.,Agreement,Organization,MOBILE APPLICATION DEVELOPMENTSERVICESAPPLICATION DEVELOPMENT AGREEMENT€This Mobile Application Development Agreement
agentOf,The Developer acknowledges and agrees that no other compensation, of any nature ortype, shall be payable hereunder following the termination of this Agreement.,termination,EventPersonnel,termination
employedBy,₠The Parties hereby agree on the following specifications for the Application (collectively, theﬁSpecificationsﬂ):₠The graphics used in the Application shall be in JPEG₠The Developer shall develop the Application to project the highest professional image.,specifications,Person,specifications
employedBy,₠The Parties hereby agree on the following specifications for the Application (collectively, theﬁSpecificationsﬂ):₠The graphics used in the Application shall be in JPEG₠The Developer shall develop the Application to project the highest professional image.,Application,Organization,Application Systemmeets
employedBy,The Application provided by the Developer to the Company shall be compatible with thefollowing mobile devices:₠____________________; on the following operating systems:____________________₠F.₠₠₠₠₠₠₠₠₠₠ COMPLETION SCHEDULE.,Developer,Person,Developer
employedBy,The Application provided by the Developer to the Company shall be compatible with thefollowing mobile devices:₠____________________; on the following operating systems:____________________₠F.₠₠₠₠₠₠₠₠₠₠ COMPLETION SCHEDULE.,Company,Organization,Existing Trademarksthe Company™s
agentOf,₠The Company agrees to pay to the Developer ____________________ of the estimated total upon____________________, Developer ____________________ of the estimated total upon____________________, Developer ____________________ of the estimated total upon____________________, and ____________________ at the end of the Support Period.By signing below, the Parties agree to comply with all of the requirements contained in this Exhibit.A₠IN WITNESS WHEREOF, the Parties have executed this Agreement as of the date first abovewritten.,Company,Organization,Existing Trademarksthe Company™s
agentOf,₠The Company agrees to pay to the Developer ____________________ of the estimated total upon____________________, Developer ____________________ of the estimated total upon____________________, Developer ____________________ of the estimated total upon____________________, and ____________________ at the end of the Support Period.By signing below, the Parties agree to comply with all of the requirements contained in this Exhibit.A₠IN WITNESS WHEREOF, the Parties have executed this Agreement as of the date first abovewritten.,agrees,EventCommunication,agrees
employedBy,₠The Company agrees to pay to the Developer ____________________ of the estimated total upon____________________, Developer ____________________ of the estimated total upon____________________, Developer ____________________ of the estimated total upon____________________, and ____________________ at the end of the Support Period.By signing below, the Parties agree to comply with all of the requirements contained in this Exhibit.A₠IN WITNESS WHEREOF, the Parties have executed this Agreement as of the date first abovewritten.,Developer,Person,Developer
employedBy,₠The Company agrees to pay to the Developer ____________________ of the estimated total upon____________________, Developer ____________________ of the estimated total upon____________________, Developer ____________________ of the estimated total upon____________________, and ____________________ at the end of the Support Period.By signing below, the Parties agree to comply with all of the requirements contained in this Exhibit.A₠IN WITNESS WHEREOF, the Parties have executed this Agreement as of the date first abovewritten.,____________________,Organization,____________________
employedBy,₠The Company agrees to pay to the Developer ____________________ of the estimated total upon____________________, Developer ____________________ of the estimated total upon____________________, Developer ____________________ of the estimated total upon____________________, and ____________________ at the end of the Support Period.By signing below, the Parties agree to comply with all of the requirements contained in this Exhibit.A₠IN WITNESS WHEREOF, the Parties have executed this Agreement as of the date first abovewritten.,Developer,Person,Developer
employedBy,₠The Company agrees to pay to the Developer ____________________ of the estimated total upon____________________, Developer ____________________ of the estimated total upon____________________, Developer ____________________ of the estimated total upon____________________, and ____________________ at the end of the Support Period.By signing below, the Parties agree to comply with all of the requirements contained in this Exhibit.A₠IN WITNESS WHEREOF, the Parties have executed this Agreement as of the date first abovewritten.,____________________,Organization,____________________
agentOf,₠The Company agrees to pay to the Developer ____________________ of the estimated total upon____________________, Developer ____________________ of the estimated total upon____________________, Developer ____________________ of the estimated total upon____________________, and ____________________ at the end of the Support Period.By signing below, the Parties agree to comply with all of the requirements contained in this Exhibit.A₠IN WITNESS WHEREOF, the Parties have executed this Agreement as of the date first abovewritten.,Parties,Organization,Parties hereby
agentOf,₠The Company agrees to pay to the Developer ____________________ of the estimated total upon____________________, Developer ____________________ of the estimated total upon____________________, Developer ____________________ of the estimated total upon____________________, and ____________________ at the end of the Support Period.By signing below, the Parties agree to comply with all of the requirements contained in this Exhibit.A₠IN WITNESS WHEREOF, the Parties have executed this Agreement as of the date first abovewritten.,executed,EventLegal,convicted
affectedBy,₠The Company agrees to pay to the Developer ____________________ of the estimated total upon____________________, Developer ____________________ of the estimated total upon____________________, Developer ____________________ of the estimated total upon____________________, and ____________________ at the end of the Support Period.By signing below, the Parties agree to comply with all of the requirements contained in this Exhibit.A₠IN WITNESS WHEREOF, the Parties have executed this Agreement as of the date first abovewritten.,Agreement,Organization,MOBILE APPLICATION DEVELOPMENTSERVICESAPPLICATION DEVELOPMENT AGREEMENT€This Mobile Application Development Agreement
affectedBy,₠The Company agrees to pay to the Developer ____________________ of the estimated total upon____________________, Developer ____________________ of the estimated total upon____________________, Developer ____________________ of the estimated total upon____________________, and ____________________ at the end of the Support Period.By signing below, the Parties agree to comply with all of the requirements contained in this Exhibit.A₠IN WITNESS WHEREOF, the Parties have executed this Agreement as of the date first abovewritten.,executed,EventLegal,convicted
employedBy,₠CONTRACT FOR MOBILE APPLICATION DEVELOPMENT SERVICESPOWERED BY DOCRACY.COM of 1717COMPANY[Company Name]By:₠₠₠₠₠₠₠₠₠₠₠₠₠₠₠₠₠₠₠₠₠₠₠₠₠₠₠₠₠₠₠₠₠₠₠₠₠₠₠₠₠₠₠₠₠₠₠₠₠₠₠₠₠₠₠₠₠₠₠₠₠₠₠₠₠₠₠₠₠₠₠₠₠Name:Title:DEVELOPER[Developer Name]By: ₠₠₠₠₠₠₠₠₠₠₠₠₠₠₠₠₠₠₠₠₠₠₠₠₠₠₠₠₠₠₠₠₠₠₠₠₠₠₠₠₠₠₠₠₠₠₠₠₠₠₠₠₠₠₠₠₠₠₠₠₠₠₠₠₠₠₠₠₠₠₠₠₠₠₠₠Name:Title:₠,1717COMPANY,Person,1717COMPANY
employedBy,₠CONTRACT FOR MOBILE APPLICATION DEVELOPMENT SERVICESPOWERED BY DOCRACY.COM of 1717COMPANY[Company Name]By:₠₠₠₠₠₠₠₠₠₠₠₠₠₠₠₠₠₠₠₠₠₠₠₠₠₠₠₠₠₠₠₠₠₠₠₠₠₠₠₠₠₠₠₠₠₠₠₠₠₠₠₠₠₠₠₠₠₠₠₠₠₠₠₠₠₠₠₠₠₠₠₠₠Name:Title:DEVELOPER[Developer Name]By: ₠₠₠₠₠₠₠₠₠₠₠₠₠₠₠₠₠₠₠₠₠₠₠₠₠₠₠₠₠₠₠₠₠₠₠₠₠₠₠₠₠₠₠₠₠₠₠₠₠₠₠₠₠₠₠₠₠₠₠₠₠₠₠₠₠₠₠₠₠₠₠₠₠₠₠₠Name:Title:₠,DOCRACY.COM of,Organization,DOCRACY.COM of 1017€15
partOf,₠CONTRACT FOR MOBILE APPLICATION DEVELOPMENT SERVICESPOWERED BY DOCRACY.COM of 1717COMPANY[Company Name]By:₠₠₠₠₠₠₠₠₠₠₠₠₠₠₠₠₠₠₠₠₠₠₠₠₠₠₠₠₠₠₠₠₠₠₠₠₠₠₠₠₠₠₠₠₠₠₠₠₠₠₠₠₠₠₠₠₠₠₠₠₠₠₠₠₠₠₠₠₠₠₠₠₠Name:Title:DEVELOPER[Developer Name]By: ₠₠₠₠₠₠₠₠₠₠₠₠₠₠₠₠₠₠₠₠₠₠₠₠₠₠₠₠₠₠₠₠₠₠₠₠₠₠₠₠₠₠₠₠₠₠₠₠₠₠₠₠₠₠₠₠₠₠₠₠₠₠₠₠₠₠₠₠₠₠₠₠₠₠₠₠Name:Title:₠,Company,Organization,Existing Trademarksthe Company™s
partOf,₠CONTRACT FOR MOBILE APPLICATION DEVELOPMENT SERVICESPOWERED BY DOCRACY.COM of 1717COMPANY[Company Name]By:₠₠₠₠₠₠₠₠₠₠₠₠₠₠₠₠₠₠₠₠₠₠₠₠₠₠₠₠₠₠₠₠₠₠₠₠₠₠₠₠₠₠₠₠₠₠₠₠₠₠₠₠₠₠₠₠₠₠₠₠₠₠₠₠₠₠₠₠₠₠₠₠₠Name:Title:DEVELOPER[Developer Name]By: ₠₠₠₠₠₠₠₠₠₠₠₠₠₠₠₠₠₠₠₠₠₠₠₠₠₠₠₠₠₠₠₠₠₠₠₠₠₠₠₠₠₠₠₠₠₠₠₠₠₠₠₠₠₠₠₠₠₠₠₠₠₠₠₠₠₠₠₠₠₠₠₠₠₠₠₠Name:Title:₠,DOCRACY.COM of,Organization,DOCRACY.COM of 1017€15
employedBy,₠CONTRACT FOR MOBILE APPLICATION DEVELOPMENT SERVICESPOWERED BY DOCRACY.COM of 1717COMPANY[Company Name]By:₠₠₠₠₠₠₠₠₠₠₠₠₠₠₠₠₠₠₠₠₠₠₠₠₠₠₠₠₠₠₠₠₠₠₠₠₠₠₠₠₠₠₠₠₠₠₠₠₠₠₠₠₠₠₠₠₠₠₠₠₠₠₠₠₠₠₠₠₠₠₠₠₠Name:Title:DEVELOPER[Developer Name]By: ₠₠₠₠₠₠₠₠₠₠₠₠₠₠₠₠₠₠₠₠₠₠₠₠₠₠₠₠₠₠₠₠₠₠₠₠₠₠₠₠₠₠₠₠₠₠₠₠₠₠₠₠₠₠₠₠₠₠₠₠₠₠₠₠₠₠₠₠₠₠₠₠₠₠₠₠Name:Title:₠,1717COMPANY,Person,1717COMPANY
employedBy,₠CONTRACT FOR MOBILE APPLICATION DEVELOPMENT SERVICESPOWERED BY DOCRACY.COM of 1717COMPANY[Company Name]By:₠₠₠₠₠₠₠₠₠₠₠₠₠₠₠₠₠₠₠₠₠₠₠₠₠₠₠₠₠₠₠₠₠₠₠₠₠₠₠₠₠₠₠₠₠₠₠₠₠₠₠₠₠₠₠₠₠₠₠₠₠₠₠₠₠₠₠₠₠₠₠₠₠Name:Title:DEVELOPER[Developer Name]By: ₠₠₠₠₠₠₠₠₠₠₠₠₠₠₠₠₠₠₠₠₠₠₠₠₠₠₠₠₠₠₠₠₠₠₠₠₠₠₠₠₠₠₠₠₠₠₠₠₠₠₠₠₠₠₠₠₠₠₠₠₠₠₠₠₠₠₠₠₠₠₠₠₠₠₠₠Name:Title:₠,Name,Organization,Name
partOf,₠CONTRACT FOR MOBILE APPLICATION DEVELOPMENT SERVICESPOWERED BY DOCRACY.COM of 1717COMPANY[Company Name]By:₠₠₠₠₠₠₠₠₠₠₠₠₠₠₠₠₠₠₠₠₠₠₠₠₠₠₠₠₠₠₠₠₠₠₠₠₠₠₠₠₠₠₠₠₠₠₠₠₠₠₠₠₠₠₠₠₠₠₠₠₠₠₠₠₠₠₠₠₠₠₠₠₠Name:Title:DEVELOPER[Developer Name]By: ₠₠₠₠₠₠₠₠₠₠₠₠₠₠₠₠₠₠₠₠₠₠₠₠₠₠₠₠₠₠₠₠₠₠₠₠₠₠₠₠₠₠₠₠₠₠₠₠₠₠₠₠₠₠₠₠₠₠₠₠₠₠₠₠₠₠₠₠₠₠₠₠₠₠₠₠Name:Title:₠,Name,Organization,Name
partOf,₠CONTRACT FOR MOBILE APPLICATION DEVELOPMENT SERVICESPOWERED BY DOCRACY.COM of 1717COMPANY[Company Name]By:₠₠₠₠₠₠₠₠₠₠₠₠₠₠₠₠₠₠₠₠₠₠₠₠₠₠₠₠₠₠₠₠₠₠₠₠₠₠₠₠₠₠₠₠₠₠₠₠₠₠₠₠₠₠₠₠₠₠₠₠₠₠₠₠₠₠₠₠₠₠₠₠₠Name:Title:DEVELOPER[Developer Name]By: ₠₠₠₠₠₠₠₠₠₠₠₠₠₠₠₠₠₠₠₠₠₠₠₠₠₠₠₠₠₠₠₠₠₠₠₠₠₠₠₠₠₠₠₠₠₠₠₠₠₠₠₠₠₠₠₠₠₠₠₠₠₠₠₠₠₠₠₠₠₠₠₠₠₠₠₠Name:Title:₠,Company,Organization,Existing Trademarksthe Company™s
agentOf,₠(a)₠₠₠₠₠₠₠₠₠₠₠₠₠₠₠  The Developer agrees to do each of the following:Of the Developer.,Developer,Organization,MOBILE APPLICATION DEVELOPMENTSERVICESAPPLICATION DEVELOPMENT AGREEMENT€This Mobile Application Development Agreement
agentOf,₠(a)₠₠₠₠₠₠₠₠₠₠₠₠₠₠₠  The Developer agrees to do each of the following:Of the Developer.,agrees,EventCommunication,agrees
agentOf,The Company agrees to do each of the following:Of the Company₠Engage the Developer as the creator of its Application System as further detailed in  to this Agreement.,Company,Organization,Existing Trademarksthe Company™s
agentOf,The Company agrees to do each of the following:Of the Company₠Engage the Developer as the creator of its Application System as further detailed in  to this Agreement.,agrees,EventCommunication,agrees
