partOf,MOBILE PRIVACY POLICYPOWERED BY DOCRACY.COM of 14MOBILE PRIVACY POLICYPRIVACY POLICY MODEL FOR MOBILE APPLICATIONSThis privacy policy governs your use of the software application ____________________(ﬁApplicationﬂ) for mobile devices that was created by₠____________________.,DOCRACY.COM,Organization,DOCRACY.COM of 24€Do
partOf,MOBILE PRIVACY POLICYPOWERED BY DOCRACY.COM of 14MOBILE PRIVACY POLICYPRIVACY POLICY MODEL FOR MOBILE APPLICATIONSThis privacy policy governs your use of the software application ____________________(ﬁApplicationﬂ) for mobile devices that was created by₠____________________.,MOBILE PRIVACY POLICYPOWERED,Organization,MOBILE PRIVACY POLICYPOWERED
hasAttribute,₠₠Contact usIf you have any questions regarding privacy while using the Application, or have questions aboutour practices, please contact us via email at₠____________________.MOBILE PRIVACY POLICYPOWERED BY DOCRACY.COM of 44,you,Person,your
hasAttribute,₠₠Contact usIf you have any questions regarding privacy while using the Application, or have questions aboutour practices, please contact us via email at₠____________________.MOBILE PRIVACY POLICYPOWERED BY DOCRACY.COM of 44,44,Age,44
hasAttribute,₠₠Contact usIf you have any questions regarding privacy while using the Application, or have questions aboutour practices, please contact us via email at₠____________________.MOBILE PRIVACY POLICYPOWERED BY DOCRACY.COM of 44,DOCRACY.COM of,Organization,DOCRACY.COM of 24€Do
hasAttribute,₠₠Contact usIf you have any questions regarding privacy while using the Application, or have questions aboutour practices, please contact us via email at₠____________________.MOBILE PRIVACY POLICYPOWERED BY DOCRACY.COM of 44,44,Age,44
agentOf,We may disclose User Provided and Automatically Collected Information:as required by law, such as to comply with a subpoena, or similar legal process;when we believe in good faith that disclosure is necessary to protect our rights, protect your safety or the safety of others, investigatefraud, or respond to a₠government request;with our trusted services providers who work on our behalf, do not have an₠independent use of the information we disclose to them,and have agreed to adhere₠to the rules set forth in this privacy statement.if₠____________________₠is involved in a merger, acquisition, or sale of all or a₠portion of its assets, you will be notified via emailand/or a prominent notice on our Web site of any change in ownership or uses of this information, as well as any choices you may haveregarding this information.,We,Person,them
agentOf,We may disclose User Provided and Automatically Collected Information:as required by law, such as to comply with a subpoena, or similar legal process;when we believe in good faith that disclosure is necessary to protect our rights, protect your safety or the safety of others, investigatefraud, or respond to a₠government request;with our trusted services providers who work on our behalf, do not have an₠independent use of the information we disclose to them,and have agreed to adhere₠to the rules set forth in this privacy statement.if₠____________________₠is involved in a merger, acquisition, or sale of all or a₠portion of its assets, you will be notified via emailand/or a prominent notice on our Web site of any change in ownership or uses of this information, as well as any choices you may haveregarding this information.,disclose,EventCommunication,disclose
agentOf,We may disclose User Provided and Automatically Collected Information:as required by law, such as to comply with a subpoena, or similar legal process;when we believe in good faith that disclosure is necessary to protect our rights, protect your safety or the safety of others, investigatefraud, or respond to a₠government request;with our trusted services providers who work on our behalf, do not have an₠independent use of the information we disclose to them,and have agreed to adhere₠to the rules set forth in this privacy statement.if₠____________________₠is involved in a merger, acquisition, or sale of all or a₠portion of its assets, you will be notified via emailand/or a prominent notice on our Web site of any change in ownership or uses of this information, as well as any choices you may haveregarding this information.,you,Person,your
agentOf,We may disclose User Provided and Automatically Collected Information:as required by law, such as to comply with a subpoena, or similar legal process;when we believe in good faith that disclosure is necessary to protect our rights, protect your safety or the safety of others, investigatefraud, or respond to a₠government request;with our trusted services providers who work on our behalf, do not have an₠independent use of the information we disclose to them,and have agreed to adhere₠to the rules set forth in this privacy statement.if₠____________________₠is involved in a merger, acquisition, or sale of all or a₠portion of its assets, you will be notified via emailand/or a prominent notice on our Web site of any change in ownership or uses of this information, as well as any choices you may haveregarding this information.,notified,EventCommunication,notified
agentOf,You can also request to opt-out via email, at____________________.,You,Person,your
agentOf,You can also request to opt-out via email, at____________________.,request,EventCommunication,request
parentOf,If a parent or guardian becomes aware that his or her child has provided us with informationwithout their consent, he or she should contact us at₠____________________.,her,Person,she
parentOf,If a parent or guardian becomes aware that his or her child has provided us with informationwithout their consent, he or she should contact us at₠____________________.,child,Person,child
agentOf,We will notify you of anychanges to our Privacy Policy by posting the new PrivacyPolicy₠____________________₠and₠____________________.,We,Person,their
agentOf,We will notify you of anychanges to our Privacy Policy by posting the new PrivacyPolicy₠____________________₠and₠____________________.,notify,EventCommunication,notify
affectedBy,We will notify you of anychanges to our Privacy Policy by posting the new PrivacyPolicy₠____________________₠and₠____________________.,you,Person,your
affectedBy,We will notify you of anychanges to our Privacy Policy by posting the new PrivacyPolicy₠____________________₠and₠____________________.,notify,EventCommunication,notify
employedBy,We will notify you of anychanges to our Privacy Policy by posting the new PrivacyPolicy₠____________________₠and₠____________________.,our,Person,their
employedBy,We will notify you of anychanges to our Privacy Policy by posting the new PrivacyPolicy₠____________________₠and₠____________________.,Privacy Policy,Organization,Privacy Policy
agentOf,You are advised to consult thisPrivacy Policy regularly for any changes, as continued use is deemed approval of all changes.,You,Person,your
agentOf,You are advised to consult thisPrivacy Policy regularly for any changes, as continued use is deemed approval of all changes.,advised,EventCommunication,advised
