locatedAt,PARKING SPACE LEASE AGREEMENTPOWERED BY DOCRACY.COM of 12PARKING SPACE LEASE AGREEMENT____________________, as Lessor, does hereby agree to let to ____________________, as Lessee,a parking space located at ____________________ (Building/Street Address)____________________ (City), ____________________(State) , such parking space being furtherdescribed Parking Space No. ____________________ at the aforementioned location.,City,GeopoliticalEntity,City
locatedAt,PARKING SPACE LEASE AGREEMENTPOWERED BY DOCRACY.COM of 12PARKING SPACE LEASE AGREEMENT____________________, as Lessor, does hereby agree to let to ____________________, as Lessee,a parking space located at ____________________ (Building/Street Address)____________________ (City), ____________________(State) , such parking space being furtherdescribed Parking Space No. ____________________ at the aforementioned location.,State,GeopoliticalEntity,State
locatedAt,₠Lessor provides such attendants, any use of such attendant by Lessee to park or drive LesseeMsvehicle shall be at LesseeMs request, direction and sole risk of any resulting loss and₠ Lessee shallindemnify Lessor for any loss resulting from such use.4.,Lessee,Person,Lessee shallindemnify Lessor
locatedAt,₠Lessor provides such attendants, any use of such attendant by Lessee to park or drive LesseeMsvehicle shall be at LesseeMs request, direction and sole risk of any resulting loss and₠ Lessee shallindemnify Lessor for any loss resulting from such use.4.,park,Facility,parking lot
agentOf,₠Lessor provides such attendants, any use of such attendant by Lessee to park or drive LesseeMsvehicle shall be at LesseeMs request, direction and sole risk of any resulting loss and₠ Lessee shallindemnify Lessor for any loss resulting from such use.4.,Lessee,Person,Lessee shallindemnify Lessor
agentOf,₠Lessor provides such attendants, any use of such attendant by Lessee to park or drive LesseeMsvehicle shall be at LesseeMs request, direction and sole risk of any resulting loss and₠ Lessee shallindemnify Lessor for any loss resulting from such use.4.,request,EventCommunication,request
locatedAt,₠Lessor provides such attendants, any use of such attendant by Lessee to park or drive LesseeMsvehicle shall be at LesseeMs request, direction and sole risk of any resulting loss and₠ Lessee shallindemnify Lessor for any loss resulting from such use.4.,park,Facility,parking lot
locatedAt,₠Lessor provides such attendants, any use of such attendant by Lessee to park or drive LesseeMsvehicle shall be at LesseeMs request, direction and sole risk of any resulting loss and₠ Lessee shallindemnify Lessor for any loss resulting from such use.4.,Lessee™s,Facility,Lessee™s
employedBy,₠ Lessee is to make such leasehold payment₠Œ(to Lessoror LessorMs Agent)₠in person (or by mail) at ____________________ address.,person,Person,person
employedBy,₠ Lessee is to make such leasehold payment₠Œ(to Lessoror LessorMs Agent)₠in person (or by mail) at ____________________ address.,Lessoror Lessor™s Agent,Organization,Lessoror Lessor™s Agent
agentOf,₠Lessor agrees to provide a receipt to Lessee for each payment received.,Lessee,Person,Lessee shallindemnify Lessor
agentOf,₠Lessor agrees to provide a receipt to Lessee for each payment received.,agrees,EventCommunication,agrees
hasAttribute,₠ Any such notice shall be directed to a party at the partyMs address as listed belowin this Agreement.7.,party,Organization,party
hasAttribute,₠ Any such notice shall be directed to a party at the partyMs address as listed belowin this Agreement.7.,Agreement.7,Money,Agreement.7
employedBy,Lessee is also to be held responsible for replacementof any lost, stolen, damaged, or misplaced remote garage door openers or other parking facilityrelated equipment lent to the Lessee by the Lessor.EXECUTED AND AGREED by the parties hereto, this the ____________________ day of____________________, ____________________.PARKING SPACE LEASE AGREEMENTPOWERED BY DOCRACY.COM of 22____________________ ₠ ₠ ₠ ₠ ₠ ₠₠Lessor₠____________________Lessee____________________LessorMs Address____________________LesseeMs Address,Lessee,Person,Lessee shallindemnify Lessor
employedBy,Lessee is also to be held responsible for replacementof any lost, stolen, damaged, or misplaced remote garage door openers or other parking facilityrelated equipment lent to the Lessee by the Lessor.EXECUTED AND AGREED by the parties hereto, this the ____________________ day of____________________, ____________________.PARKING SPACE LEASE AGREEMENTPOWERED BY DOCRACY.COM of 22____________________ ₠ ₠ ₠ ₠ ₠ ₠₠Lessor₠____________________Lessee____________________LessorMs Address____________________LesseeMs Address,Lessor.EXECUTED AND AGREED,Organization,Lessor.EXECUTED AND AGREED
agentOf,Lessee is also to be held responsible for replacementof any lost, stolen, damaged, or misplaced remote garage door openers or other parking facilityrelated equipment lent to the Lessee by the Lessor.EXECUTED AND AGREED by the parties hereto, this the ____________________ day of____________________, ____________________.PARKING SPACE LEASE AGREEMENTPOWERED BY DOCRACY.COM of 22____________________ ₠ ₠ ₠ ₠ ₠ ₠₠Lessor₠____________________Lessee____________________LessorMs Address____________________LesseeMs Address,€ € € € € €€Lessor€____________________Lessee____________________Lessor™s Address____________________Lessee™s,Person,€ € € € € €€Lessor€____________________Lessee____________________Lessor™s Address____________________Lessee™s
agentOf,Lessee is also to be held responsible for replacementof any lost, stolen, damaged, or misplaced remote garage door openers or other parking facilityrelated equipment lent to the Lessee by the Lessor.EXECUTED AND AGREED by the parties hereto, this the ____________________ day of____________________, ____________________.PARKING SPACE LEASE AGREEMENTPOWERED BY DOCRACY.COM of 22____________________ ₠ ₠ ₠ ₠ ₠ ₠₠Lessor₠____________________Lessee____________________LessorMs Address____________________LesseeMs Address,Address,EventPerformance,Address
