agentOf,RENTAL AGREEMENT - PLAIN LANGUAGE LEASEPOWERED BY DOCRACY.COM of 114RENTAL AGREEMENT - PLAIN LANGUAGE LEASERENTAL AGREEMENT1) PARTIES: This agreement is entered into on this date _______________________ betweenthe following parties RESIDENT(S):and ____________________________________________________________________ Resident agrees to rent from the owner of the premises at theMANAGER: _______________.following location subject to the terms and conditions of this agreement.2) SUBJECT PROPERTY:3.,Resident,Person,1414Resident
agentOf,RENTAL AGREEMENT - PLAIN LANGUAGE LEASEPOWERED BY DOCRACY.COM of 114RENTAL AGREEMENT - PLAIN LANGUAGE LEASERENTAL AGREEMENT1) PARTIES: This agreement is entered into on this date _______________________ betweenthe following parties RESIDENT(S):and ____________________________________________________________________ Resident agrees to rent from the owner of the premises at theMANAGER: _______________.following location subject to the terms and conditions of this agreement.2) SUBJECT PROPERTY:3.,agrees,EventCommunication,agrees
partOfMany,If Landlord files an amended certificate during the term of this Lease, Landlord shall furnish Tenantwith a copy of the amended certificate within seven (7) days after the amended certificate is filedwith the municipal clerk, or with such other municipal official as is designated by the clerk.13) SECURITY DEPOSIT AND RETURN THEREOF: Upon execution of this lease,Tenant will deposit with Landlord the sum of______________________________________________ Dollars ($__________), the amount ofwhich does not exceed 1 &frac12; months rent, which is to be held as collateral security andapplied on any rent or any other charge that may remain due and owing at the expiration of thisagreement, any extension thereof or holding over period or applied on any damages to the premisescaused by the Tenant, his family, invitees, employees, trades people or pets,,Tenant,Person,Tenant
partOfMany,If Landlord files an amended certificate during the term of this Lease, Landlord shall furnish Tenantwith a copy of the amended certificate within seven (7) days after the amended certificate is filedwith the municipal clerk, or with such other municipal official as is designated by the clerk.13) SECURITY DEPOSIT AND RETURN THEREOF: Upon execution of this lease,Tenant will deposit with Landlord the sum of______________________________________________ Dollars ($__________), the amount ofwhich does not exceed 1 &frac12; months rent, which is to be held as collateral security andapplied on any rent or any other charge that may remain due and owing at the expiration of thisagreement, any extension thereof or holding over period or applied on any damages to the premisescaused by the Tenant, his family, invitees, employees, trades people or pets,,family,Person,family
partOfMany,If Landlord files an amended certificate during the term of this Lease, Landlord shall furnish Tenantwith a copy of the amended certificate within seven (7) days after the amended certificate is filedwith the municipal clerk, or with such other municipal official as is designated by the clerk.13) SECURITY DEPOSIT AND RETURN THEREOF: Upon execution of this lease,Tenant will deposit with Landlord the sum of______________________________________________ Dollars ($__________), the amount ofwhich does not exceed 1 &frac12; months rent, which is to be held as collateral security andapplied on any rent or any other charge that may remain due and owing at the expiration of thisagreement, any extension thereof or holding over period or applied on any damages to the premisescaused by the Tenant, his family, invitees, employees, trades people or pets,,his,Person,Landlord inwriting
partOfMany,If Landlord files an amended certificate during the term of this Lease, Landlord shall furnish Tenantwith a copy of the amended certificate within seven (7) days after the amended certificate is filedwith the municipal clerk, or with such other municipal official as is designated by the clerk.13) SECURITY DEPOSIT AND RETURN THEREOF: Upon execution of this lease,Tenant will deposit with Landlord the sum of______________________________________________ Dollars ($__________), the amount ofwhich does not exceed 1 &frac12; months rent, which is to be held as collateral security andapplied on any rent or any other charge that may remain due and owing at the expiration of thisagreement, any extension thereof or holding over period or applied on any damages to the premisescaused by the Tenant, his family, invitees, employees, trades people or pets,,family,Person,family
partOfMany,It is agreed that the foregoing shall apply toevery transfer or assignment made on the security deposit to a new Landlord.Within thirty (30) days after Tenant has vacated the premises, Landlord shall furnish Tenant, bypersonal delivery, registered or certified mail, a copy of an itemized statement indicating the basisfor, and the amount of, any security received and the disposition of the security and shall return anyremaining portion of the security to Tenant.Landlord is not obligated to return Tenant's security deposit or give Tenant a written description ofdamages and charges until Tenant gives the landlord a written statement of Tenant's forwardingaddress for the purpose of refunding the security deposit.14) NUMBER OF OCCUPANTS: The most people allowed to live in the leased property are______ adults ______ children.,Landlord,Person,Landlord inwriting
partOfMany,It is agreed that the foregoing shall apply toevery transfer or assignment made on the security deposit to a new Landlord.Within thirty (30) days after Tenant has vacated the premises, Landlord shall furnish Tenant, bypersonal delivery, registered or certified mail, a copy of an itemized statement indicating the basisfor, and the amount of, any security received and the disposition of the security and shall return anyremaining portion of the security to Tenant.Landlord is not obligated to return Tenant's security deposit or give Tenant a written description ofdamages and charges until Tenant gives the landlord a written statement of Tenant's forwardingaddress for the purpose of refunding the security deposit.14) NUMBER OF OCCUPANTS: The most people allowed to live in the leased property are______ adults ______ children.,premises,Person,individuals
agentOf,For purposes of this section, "staying in therental unit" shall include, but not be limited to, long-term or regular house guest, live-in babysitters, visiting relatives, etc. Resident shall notify the Management in writing any time theResident expects any guest will be staying in excess of the time limits in this paragraph.,Resident,Person,1414Resident
agentOf,For purposes of this section, "staying in therental unit" shall include, but not be limited to, long-term or regular house guest, live-in babysitters, visiting relatives, etc. Resident shall notify the Management in writing any time theResident expects any guest will be staying in excess of the time limits in this paragraph.,notify,EventCommunication,notify
affectedBy,For purposes of this section, "staying in therental unit" shall include, but not be limited to, long-term or regular house guest, live-in babysitters, visiting relatives, etc. Resident shall notify the Management in writing any time theResident expects any guest will be staying in excess of the time limits in this paragraph.,Management,Person,Management
affectedBy,For purposes of this section, "staying in therental unit" shall include, but not be limited to, long-term or regular house guest, live-in babysitters, visiting relatives, etc. Resident shall notify the Management in writing any time theResident expects any guest will be staying in excess of the time limits in this paragraph.,notify,EventCommunication,notify
employedBy,Unauthorized residents are a violation of this agreementand are grounds for termination.RENTAL AGREEMENT - PLAIN LANGUAGE LEASEPOWERED BY DOCRACY.COM of 51416) ASSIGNMENT and SUBLETTING: Resident will not sublet or re-let any part of thepremises or assign this Agreement without prior consent of the landlord or management.17) UTILITIES: Resident(s) will be responsible and pay for the following utilities, including allrequired deposits (check those that apply):[ ] Gas [ ] Water [ ] Sewage [ ] Electric [ ] Refuse Collection [ ] Telephone [ ] Cable TV [ ] Oil18) CARE AND USE OF THE LEASED PROPERTYa) Primary Residence: Tenant agrees to use the leased property as a private residence only fortenant and authorized occupants only.b) Use of Leased Property Tenant agrees not to use the leased property for any unlawful orhazardous purposes.,Sewage,Person,Sewage
employedBy,Unauthorized residents are a violation of this agreementand are grounds for termination.RENTAL AGREEMENT - PLAIN LANGUAGE LEASEPOWERED BY DOCRACY.COM of 51416) ASSIGNMENT and SUBLETTING: Resident will not sublet or re-let any part of thepremises or assign this Agreement without prior consent of the landlord or management.17) UTILITIES: Resident(s) will be responsible and pay for the following utilities, including allrequired deposits (check those that apply):[ ] Gas [ ] Water [ ] Sewage [ ] Electric [ ] Refuse Collection [ ] Telephone [ ] Cable TV [ ] Oil18) CARE AND USE OF THE LEASED PROPERTYa) Primary Residence: Tenant agrees to use the leased property as a private residence only fortenant and authorized occupants only.b) Use of Leased Property Tenant agrees not to use the leased property for any unlawful orhazardous purposes.,Water,Organization,Water
locatedAt,Unauthorized residents are a violation of this agreementand are grounds for termination.RENTAL AGREEMENT - PLAIN LANGUAGE LEASEPOWERED BY DOCRACY.COM of 51416) ASSIGNMENT and SUBLETTING: Resident will not sublet or re-let any part of thepremises or assign this Agreement without prior consent of the landlord or management.17) UTILITIES: Resident(s) will be responsible and pay for the following utilities, including allrequired deposits (check those that apply):[ ] Gas [ ] Water [ ] Sewage [ ] Electric [ ] Refuse Collection [ ] Telephone [ ] Cable TV [ ] Oil18) CARE AND USE OF THE LEASED PROPERTYa) Primary Residence: Tenant agrees to use the leased property as a private residence only fortenant and authorized occupants only.b) Use of Leased Property Tenant agrees not to use the leased property for any unlawful orhazardous purposes.,Primary,EventElection,Primary
locatedAt,Unauthorized residents are a violation of this agreementand are grounds for termination.RENTAL AGREEMENT - PLAIN LANGUAGE LEASEPOWERED BY DOCRACY.COM of 51416) ASSIGNMENT and SUBLETTING: Resident will not sublet or re-let any part of thepremises or assign this Agreement without prior consent of the landlord or management.17) UTILITIES: Resident(s) will be responsible and pay for the following utilities, including allrequired deposits (check those that apply):[ ] Gas [ ] Water [ ] Sewage [ ] Electric [ ] Refuse Collection [ ] Telephone [ ] Cable TV [ ] Oil18) CARE AND USE OF THE LEASED PROPERTYa) Primary Residence: Tenant agrees to use the leased property as a private residence only fortenant and authorized occupants only.b) Use of Leased Property Tenant agrees not to use the leased property for any unlawful orhazardous purposes.,Residence,Facility,residence
agentOf,Unauthorized residents are a violation of this agreementand are grounds for termination.RENTAL AGREEMENT - PLAIN LANGUAGE LEASEPOWERED BY DOCRACY.COM of 51416) ASSIGNMENT and SUBLETTING: Resident will not sublet or re-let any part of thepremises or assign this Agreement without prior consent of the landlord or management.17) UTILITIES: Resident(s) will be responsible and pay for the following utilities, including allrequired deposits (check those that apply):[ ] Gas [ ] Water [ ] Sewage [ ] Electric [ ] Refuse Collection [ ] Telephone [ ] Cable TV [ ] Oil18) CARE AND USE OF THE LEASED PROPERTYa) Primary Residence: Tenant agrees to use the leased property as a private residence only fortenant and authorized occupants only.b) Use of Leased Property Tenant agrees not to use the leased property for any unlawful orhazardous purposes.,Tenant,Person,Tenant
agentOf,Unauthorized residents are a violation of this agreementand are grounds for termination.RENTAL AGREEMENT - PLAIN LANGUAGE LEASEPOWERED BY DOCRACY.COM of 51416) ASSIGNMENT and SUBLETTING: Resident will not sublet or re-let any part of thepremises or assign this Agreement without prior consent of the landlord or management.17) UTILITIES: Resident(s) will be responsible and pay for the following utilities, including allrequired deposits (check those that apply):[ ] Gas [ ] Water [ ] Sewage [ ] Electric [ ] Refuse Collection [ ] Telephone [ ] Cable TV [ ] Oil18) CARE AND USE OF THE LEASED PROPERTYa) Primary Residence: Tenant agrees to use the leased property as a private residence only fortenant and authorized occupants only.b) Use of Leased Property Tenant agrees not to use the leased property for any unlawful orhazardous purposes.,agrees,EventCommunication,agrees
agentOf,Unauthorized residents are a violation of this agreementand are grounds for termination.RENTAL AGREEMENT - PLAIN LANGUAGE LEASEPOWERED BY DOCRACY.COM of 51416) ASSIGNMENT and SUBLETTING: Resident will not sublet or re-let any part of thepremises or assign this Agreement without prior consent of the landlord or management.17) UTILITIES: Resident(s) will be responsible and pay for the following utilities, including allrequired deposits (check those that apply):[ ] Gas [ ] Water [ ] Sewage [ ] Electric [ ] Refuse Collection [ ] Telephone [ ] Cable TV [ ] Oil18) CARE AND USE OF THE LEASED PROPERTYa) Primary Residence: Tenant agrees to use the leased property as a private residence only fortenant and authorized occupants only.b) Use of Leased Property Tenant agrees not to use the leased property for any unlawful orhazardous purposes.,Use of Leased Property Tenant,Organization,Use of Leased Property Tenant
agentOf,Unauthorized residents are a violation of this agreementand are grounds for termination.RENTAL AGREEMENT - PLAIN LANGUAGE LEASEPOWERED BY DOCRACY.COM of 51416) ASSIGNMENT and SUBLETTING: Resident will not sublet or re-let any part of thepremises or assign this Agreement without prior consent of the landlord or management.17) UTILITIES: Resident(s) will be responsible and pay for the following utilities, including allrequired deposits (check those that apply):[ ] Gas [ ] Water [ ] Sewage [ ] Electric [ ] Refuse Collection [ ] Telephone [ ] Cable TV [ ] Oil18) CARE AND USE OF THE LEASED PROPERTYa) Primary Residence: Tenant agrees to use the leased property as a private residence only fortenant and authorized occupants only.b) Use of Leased Property Tenant agrees not to use the leased property for any unlawful orhazardous purposes.,agrees,EventCommunication,agrees
partOfMany,Tenant needs written permission from Landlord before using the leasedproperty for any business or profession.c) Obey all laws: Tenant agrees to obey government housing regulations, local and state laws, andcondominium and home owner association rules as they apply to Tenants.d) Keep safe and clean: Tenant agrees to keep the leased property safe against fire and waterdamage.,Landlord,Person,Landlord inwriting
partOfMany,Tenant needs written permission from Landlord before using the leasedproperty for any business or profession.c) Obey all laws: Tenant agrees to obey government housing regulations, local and state laws, andcondominium and home owner association rules as they apply to Tenants.d) Keep safe and clean: Tenant agrees to keep the leased property safe against fire and waterdamage.,they,Person,residents
partOfMany,RENTAL AGREEMENT - PLAIN LANGUAGE LEASEPOWERED BY DOCRACY.COM of 114RENTAL AGREEMENT - PLAIN LANGUAGE LEASERENTAL AGREEMENT1) PARTIES: This agreement is entered into on this date _______________________ betweenthe following parties RESIDENT(S):and ____________________________________________________________________ Resident agrees to rent from the owner of the premises at theMANAGER: _______________.following location subject to the terms and conditions of this agreement.2) SUBJECT PROPERTY:3.,owner,Person,DOCRACY.COM
partOfMany,RENTAL AGREEMENT - PLAIN LANGUAGE LEASEPOWERED BY DOCRACY.COM of 114RENTAL AGREEMENT - PLAIN LANGUAGE LEASERENTAL AGREEMENT1) PARTIES: This agreement is entered into on this date _______________________ betweenthe following parties RESIDENT(S):and ____________________________________________________________________ Resident agrees to rent from the owner of the premises at theMANAGER: _______________.following location subject to the terms and conditions of this agreement.2) SUBJECT PROPERTY:3.,premises,Person,individuals
partOfMany,Tenant needs written permission from Landlord before using the leasedproperty for any business or profession.c) Obey all laws: Tenant agrees to obey government housing regulations, local and state laws, andcondominium and home owner association rules as they apply to Tenants.d) Keep safe and clean: Tenant agrees to keep the leased property safe against fire and waterdamage.,Obey,Person,Obey
partOfMany,Tenant needs written permission from Landlord before using the leasedproperty for any business or profession.c) Obey all laws: Tenant agrees to obey government housing regulations, local and state laws, andcondominium and home owner association rules as they apply to Tenants.d) Keep safe and clean: Tenant agrees to keep the leased property safe against fire and waterdamage.,they,Person,residents
agentOf,Tenant needs written permission from Landlord before using the leasedproperty for any business or profession.c) Obey all laws: Tenant agrees to obey government housing regulations, local and state laws, andcondominium and home owner association rules as they apply to Tenants.d) Keep safe and clean: Tenant agrees to keep the leased property safe against fire and waterdamage.,Tenant,Person,Tenant
agentOf,Tenant needs written permission from Landlord before using the leasedproperty for any business or profession.c) Obey all laws: Tenant agrees to obey government housing regulations, local and state laws, andcondominium and home owner association rules as they apply to Tenants.d) Keep safe and clean: Tenant agrees to keep the leased property safe against fire and waterdamage.,agrees,EventCommunication,agrees
residesIn,Tenant needs written permission from Landlord before using the leasedproperty for any business or profession.c) Obey all laws: Tenant agrees to obey government housing regulations, local and state laws, andcondominium and home owner association rules as they apply to Tenants.d) Keep safe and clean: Tenant agrees to keep the leased property safe against fire and waterdamage.,they,Person,residents
residesIn,Tenant needs written permission from Landlord before using the leasedproperty for any business or profession.c) Obey all laws: Tenant agrees to obey government housing regulations, local and state laws, andcondominium and home owner association rules as they apply to Tenants.d) Keep safe and clean: Tenant agrees to keep the leased property safe against fire and waterdamage.,Tenants.d,GeopoliticalEntity,Tenants.d
agentOf,Tenant needs written permission from Landlord before using the leasedproperty for any business or profession.c) Obey all laws: Tenant agrees to obey government housing regulations, local and state laws, andcondominium and home owner association rules as they apply to Tenants.d) Keep safe and clean: Tenant agrees to keep the leased property safe against fire and waterdamage.,Tenant,Person,Tenant
agentOf,Tenant needs written permission from Landlord before using the leasedproperty for any business or profession.c) Obey all laws: Tenant agrees to obey government housing regulations, local and state laws, andcondominium and home owner association rules as they apply to Tenants.d) Keep safe and clean: Tenant agrees to keep the leased property safe against fire and waterdamage.,agrees,EventCommunication,agrees
agentOf,Tenant agrees to remove trash, garbage, and other waste in a safe manner.e) Heating sources: Tenant agrees not to use any other heating source than the one provided inthe leased property.,Tenant,Person,Tenant
agentOf,Tenant agrees to remove trash, garbage, and other waste in a safe manner.e) Heating sources: Tenant agrees not to use any other heating source than the one provided inthe leased property.,agrees,EventCommunication,agrees
agentOf,Tenant agrees to remove trash, garbage, and other waste in a safe manner.e) Heating sources: Tenant agrees not to use any other heating source than the one provided inthe leased property.,Tenant,Person,Tenant
agentOf,Tenant agrees to remove trash, garbage, and other waste in a safe manner.e) Heating sources: Tenant agrees not to use any other heating source than the one provided inthe leased property.,agrees,EventCommunication,agrees
partOf,It is TenantMs responsibility to make sure these individuals behave in amanner that will not disturb neighbors.b) Payment of Utilities: Tenant agrees to pay on time all utility bills for which Tenant isresponsible.,Tenant,Organization,Use of Leased Property Tenant
partOf,It is TenantMs responsibility to make sure these individuals behave in amanner that will not disturb neighbors.b) Payment of Utilities: Tenant agrees to pay on time all utility bills for which Tenant isresponsible.,Payment of Utilities,Organization,Payment of Utilities
agentOf,It is TenantMs responsibility to make sure these individuals behave in amanner that will not disturb neighbors.b) Payment of Utilities: Tenant agrees to pay on time all utility bills for which Tenant isresponsible.,Tenant,Organization,Use of Leased Property Tenant
agentOf,It is TenantMs responsibility to make sure these individuals behave in amanner that will not disturb neighbors.b) Payment of Utilities: Tenant agrees to pay on time all utility bills for which Tenant isresponsible.,agrees,EventCommunication,agrees
agentOf,Section 17 lists Utility Services.c) Pests: Landlord is giving the leased property free of insects, rodents, and pests at move-in.Tenant agrees to pay for a pest control service if needed after the tenth (10th) day of move-in.d) Locks: Tenant agrees not to change locks or put additional locks on doors without LandlordMswritten permission.,Tenant,Person,Tenant
agentOf,Section 17 lists Utility Services.c) Pests: Landlord is giving the leased property free of insects, rodents, and pests at move-in.Tenant agrees to pay for a pest control service if needed after the tenth (10th) day of move-in.d) Locks: Tenant agrees not to change locks or put additional locks on doors without LandlordMswritten permission.,agrees,EventCommunication,agrees
agentOf,Tenant will pay the cost ofthe new locks.e) Phone Numbers: Tenant agrees to provide Landlord with current home and work phonenumbers and will tell Landlord of any change in these numbers.20) LANDLORDMS RESPONSIBILITIESa) Government Regulations: Landlord agrees to keep the leased property and common areas asRENTAL AGREEMENT - PLAIN LANGUAGE LEASEPOWERED BY DOCRACY.COM of 614required by law or government regulation.b) Good Repair: Landlord agrees to keep in good repair and working order the electrical,plumbing, sanitary, heating, air conditioning, and all other services.,Tenant,Person,Tenant
agentOf,Tenant will pay the cost ofthe new locks.e) Phone Numbers: Tenant agrees to provide Landlord with current home and work phonenumbers and will tell Landlord of any change in these numbers.20) LANDLORDMS RESPONSIBILITIESa) Government Regulations: Landlord agrees to keep the leased property and common areas asRENTAL AGREEMENT - PLAIN LANGUAGE LEASEPOWERED BY DOCRACY.COM of 614required by law or government regulation.b) Good Repair: Landlord agrees to keep in good repair and working order the electrical,plumbing, sanitary, heating, air conditioning, and all other services.,agrees,EventCommunication,agrees
bornOn,Please note, that if a resident is participating in one of the worry-free paymentmethods and payments are automatically debited early (specified number of days prior to the duedate), then the rebate amount is automatically reduced from the total debited.10) LATE PAYMENT AND ADDITIONAL RENT CHARGES:Ł₠₠₠₠The rental amount each month is $______ and is due by the 15th day of each month.Ł₠₠₠₠Landlord will send a Notice to Pay Rent or Move if Landlord does not receive rent by theRENTAL AGREEMENT - PLAIN LANGUAGE LEASEPOWERED BY DOCRACY.COM of 31420th day of the month.Ł₠₠₠₠A court action to remove tenant begins on the 25th day.,DOCRACY.COM,Person,DOCRACY.COM
bornOn,Please note, that if a resident is participating in one of the worry-free paymentmethods and payments are automatically debited early (specified number of days prior to the duedate), then the rebate amount is automatically reduced from the total debited.10) LATE PAYMENT AND ADDITIONAL RENT CHARGES:Ł₠₠₠₠The rental amount each month is $______ and is due by the 15th day of each month.Ł₠₠₠₠Landlord will send a Notice to Pay Rent or Move if Landlord does not receive rent by theRENTAL AGREEMENT - PLAIN LANGUAGE LEASEPOWERED BY DOCRACY.COM of 31420th day of the month.Ł₠₠₠₠A court action to remove tenant begins on the 25th day.,31420th day,Date,31420th day
locatedAt,Tenant will pay the cost ofthe new locks.e) Phone Numbers: Tenant agrees to provide Landlord with current home and work phonenumbers and will tell Landlord of any change in these numbers.20) LANDLORDMS RESPONSIBILITIESa) Government Regulations: Landlord agrees to keep the leased property and common areas asRENTAL AGREEMENT - PLAIN LANGUAGE LEASEPOWERED BY DOCRACY.COM of 614required by law or government regulation.b) Good Repair: Landlord agrees to keep in good repair and working order the electrical,plumbing, sanitary, heating, air conditioning, and all other services.,Landlord,Person,Landlord inwriting
locatedAt,Tenant will pay the cost ofthe new locks.e) Phone Numbers: Tenant agrees to provide Landlord with current home and work phonenumbers and will tell Landlord of any change in these numbers.20) LANDLORDMS RESPONSIBILITIESa) Government Regulations: Landlord agrees to keep the leased property and common areas asRENTAL AGREEMENT - PLAIN LANGUAGE LEASEPOWERED BY DOCRACY.COM of 614required by law or government regulation.b) Good Repair: Landlord agrees to keep in good repair and working order the electrical,plumbing, sanitary, heating, air conditioning, and all other services.,home,Facility,home
agentOf,Tenant will pay the cost ofthe new locks.e) Phone Numbers: Tenant agrees to provide Landlord with current home and work phonenumbers and will tell Landlord of any change in these numbers.20) LANDLORDMS RESPONSIBILITIESa) Government Regulations: Landlord agrees to keep the leased property and common areas asRENTAL AGREEMENT - PLAIN LANGUAGE LEASEPOWERED BY DOCRACY.COM of 614required by law or government regulation.b) Good Repair: Landlord agrees to keep in good repair and working order the electrical,plumbing, sanitary, heating, air conditioning, and all other services.,Landlord,Person,Landlord inwriting
agentOf,Tenant will pay the cost ofthe new locks.e) Phone Numbers: Tenant agrees to provide Landlord with current home and work phonenumbers and will tell Landlord of any change in these numbers.20) LANDLORDMS RESPONSIBILITIESa) Government Regulations: Landlord agrees to keep the leased property and common areas asRENTAL AGREEMENT - PLAIN LANGUAGE LEASEPOWERED BY DOCRACY.COM of 614required by law or government regulation.b) Good Repair: Landlord agrees to keep in good repair and working order the electrical,plumbing, sanitary, heating, air conditioning, and all other services.,agrees,EventCommunication,agrees
employedBy,Tenant will pay the cost ofthe new locks.e) Phone Numbers: Tenant agrees to provide Landlord with current home and work phonenumbers and will tell Landlord of any change in these numbers.20) LANDLORDMS RESPONSIBILITIESa) Government Regulations: Landlord agrees to keep the leased property and common areas asRENTAL AGREEMENT - PLAIN LANGUAGE LEASEPOWERED BY DOCRACY.COM of 614required by law or government regulation.b) Good Repair: Landlord agrees to keep in good repair and working order the electrical,plumbing, sanitary, heating, air conditioning, and all other services.,regulation.b),Person,regulation.b)
employedBy,Tenant will pay the cost ofthe new locks.e) Phone Numbers: Tenant agrees to provide Landlord with current home and work phonenumbers and will tell Landlord of any change in these numbers.20) LANDLORDMS RESPONSIBILITIESa) Government Regulations: Landlord agrees to keep the leased property and common areas asRENTAL AGREEMENT - PLAIN LANGUAGE LEASEPOWERED BY DOCRACY.COM of 614required by law or government regulation.b) Good Repair: Landlord agrees to keep in good repair and working order the electrical,plumbing, sanitary, heating, air conditioning, and all other services.,government,GeopoliticalEntity,Use of Leased Property Tenant
agentOf,Tenant will pay the cost ofthe new locks.e) Phone Numbers: Tenant agrees to provide Landlord with current home and work phonenumbers and will tell Landlord of any change in these numbers.20) LANDLORDMS RESPONSIBILITIESa) Government Regulations: Landlord agrees to keep the leased property and common areas asRENTAL AGREEMENT - PLAIN LANGUAGE LEASEPOWERED BY DOCRACY.COM of 614required by law or government regulation.b) Good Repair: Landlord agrees to keep in good repair and working order the electrical,plumbing, sanitary, heating, air conditioning, and all other services.,Landlord,Person,Landlord inwriting
agentOf,Tenant will pay the cost ofthe new locks.e) Phone Numbers: Tenant agrees to provide Landlord with current home and work phonenumbers and will tell Landlord of any change in these numbers.20) LANDLORDMS RESPONSIBILITIESa) Government Regulations: Landlord agrees to keep the leased property and common areas asRENTAL AGREEMENT - PLAIN LANGUAGE LEASEPOWERED BY DOCRACY.COM of 614required by law or government regulation.b) Good Repair: Landlord agrees to keep in good repair and working order the electrical,plumbing, sanitary, heating, air conditioning, and all other services.,agrees,EventCommunication,agrees
partOf,Emergency Contact #1Name____________________________________ Phone__________________________Emergency Contact #2Name____________________________________ Phone__________________________Parent or CosignerName____________________________________ Phone__________________________Church or Non-Profit Organization that may be able to assist resident.Contact__________________________________ Phone__________________________Additional agency that may be able to assist resident.Contact__________________________________ Phone__________________________Charge the following credit card # if rent becomes 5 days past due___________________________________________ Exp.,agency,Organization,agency
partOf,Emergency Contact #1Name____________________________________ Phone__________________________Emergency Contact #2Name____________________________________ Phone__________________________Parent or CosignerName____________________________________ Phone__________________________Church or Non-Profit Organization that may be able to assist resident.Contact__________________________________ Phone__________________________Additional agency that may be able to assist resident.Contact__________________________________ Phone__________________________Charge the following credit card # if rent becomes 5 days past due___________________________________________ Exp.,Non-Profit Organization,Organization,Non-Profit Organization
locatedAt,In addition, Residents are responsible for all actions and damages caused by Resident'sguests.23) NOTICES: Any notice is deemed served on the day on which it is both mailed by first classmail to the Resident at the premises, and attached in a secure manner to the main entrance of thatportion of the premises of which Resident has possession.RENTAL AGREEMENT - PLAIN LANGUAGE LEASEPOWERED BY DOCRACY.COM of 71424) REMEDIES/ATTORNEY'S FEES: Nothing in this Agreement shall limit the right of theManager to terminate this Agreement as provided by any provision of the Landlord Resident Act.If civil action is instituted in connection with this Agreement, the prevailing party shall be entitledto recover court costs and any reasonable attorney's fees.25) MANAGER/AGENT FOR SERVICE: The Name, address and phone of the manager andagent for service is:_________________________________________________________________________________________________.26),Resident,Person,1414Resident
locatedAt,In addition, Residents are responsible for all actions and damages caused by Resident'sguests.23) NOTICES: Any notice is deemed served on the day on which it is both mailed by first classmail to the Resident at the premises, and attached in a secure manner to the main entrance of thatportion of the premises of which Resident has possession.RENTAL AGREEMENT - PLAIN LANGUAGE LEASEPOWERED BY DOCRACY.COM of 71424) REMEDIES/ATTORNEY'S FEES: Nothing in this Agreement shall limit the right of theManager to terminate this Agreement as provided by any provision of the Landlord Resident Act.If civil action is instituted in connection with this Agreement, the prevailing party shall be entitledto recover court costs and any reasonable attorney's fees.25) MANAGER/AGENT FOR SERVICE: The Name, address and phone of the manager andagent for service is:_________________________________________________________________________________________________.26),premises,Facility,Premises
locatedAt,(If applicable)33) EXTENDED ABSENCE: Resident will notify Landlord in advance if Resident will be awayfrom the premises for 7 or more consecutive days.,Resident,Person,1414Resident
locatedAt,(If applicable)33) EXTENDED ABSENCE: Resident will notify Landlord in advance if Resident will be awayfrom the premises for 7 or more consecutive days.,premises,Facility,Premises
locatedAt,Manager shall also have the right to enter the Premises when Resident hasabandoned or surrendered the Premises, or during any absence of Resident in excess of 7 days.,Resident,Person,1414Resident
locatedAt,Manager shall also have the right to enter the Premises when Resident hasabandoned or surrendered the Premises, or during any absence of Resident in excess of 7 days.,Premises,Facility,Premises
employedBy,In addition, Residents are responsible for all actions and damages caused by Resident'sguests.23) NOTICES: Any notice is deemed served on the day on which it is both mailed by first classmail to the Resident at the premises, and attached in a secure manner to the main entrance of thatportion of the premises of which Resident has possession.RENTAL AGREEMENT - PLAIN LANGUAGE LEASEPOWERED BY DOCRACY.COM of 71424) REMEDIES/ATTORNEY'S FEES: Nothing in this Agreement shall limit the right of theManager to terminate this Agreement as provided by any provision of the Landlord Resident Act.If civil action is instituted in connection with this Agreement, the prevailing party shall be entitledto recover court costs and any reasonable attorney's fees.25) MANAGER/AGENT FOR SERVICE: The Name, address and phone of the manager andagent for service is:_________________________________________________________________________________________________.26),attorney,Person,attorney
employedBy,In addition, Residents are responsible for all actions and damages caused by Resident'sguests.23) NOTICES: Any notice is deemed served on the day on which it is both mailed by first classmail to the Resident at the premises, and attached in a secure manner to the main entrance of thatportion of the premises of which Resident has possession.RENTAL AGREEMENT - PLAIN LANGUAGE LEASEPOWERED BY DOCRACY.COM of 71424) REMEDIES/ATTORNEY'S FEES: Nothing in this Agreement shall limit the right of theManager to terminate this Agreement as provided by any provision of the Landlord Resident Act.If civil action is instituted in connection with this Agreement, the prevailing party shall be entitledto recover court costs and any reasonable attorney's fees.25) MANAGER/AGENT FOR SERVICE: The Name, address and phone of the manager andagent for service is:_________________________________________________________________________________________________.26),MANAGER/AGENT FOR SERVICE,Organization,MANAGER/AGENT FOR SERVICE
partOfMany,MAJOR MAINTENANCE GUARANTEE: Residents understand and agree that thefollowing major repairs are the responsibility of the owners and managers1) Roof, windows, siding, and doors2) Heating and cooling systems3) Electrical and plumbing systems.,Roof,Person,Roof
partOfMany,MAJOR MAINTENANCE GUARANTEE: Residents understand and agree that thefollowing major repairs are the responsibility of the owners and managers1) Roof, windows, siding, and doors2) Heating and cooling systems3) Electrical and plumbing systems.,owners,Person,owners
affectedBy,If yard is not properly maintained, management reservesthe right to hire someone to mow or care for yard and charge the expense to the resident asadditional rent, after first advising the resident that they have 72 hours to handle the responsibility.28) ABANDONMENT: Any goods, vehicles, or other property left on the premise aftertermination of the tenancy by any means shall be considered abandoned and disposed of asprovided by statute.29) COMPLIANCE WITH THE LAW: Resident shall not violate any applicable local, state orfederal law or regulation in or about the premises.30) INSURANCE: Owner and Management are not responsible for any loss or damage toproperty owned by Resident or guests unless resulting from Management's intentional or negligentacts.,someone,Person,someone
affectedBy,If yard is not properly maintained, management reservesthe right to hire someone to mow or care for yard and charge the expense to the resident asadditional rent, after first advising the resident that they have 72 hours to handle the responsibility.28) ABANDONMENT: Any goods, vehicles, or other property left on the premise aftertermination of the tenancy by any means shall be considered abandoned and disposed of asprovided by statute.29) COMPLIANCE WITH THE LAW: Resident shall not violate any applicable local, state orfederal law or regulation in or about the premises.30) INSURANCE: Owner and Management are not responsible for any loss or damage toproperty owned by Resident or guests unless resulting from Management's intentional or negligentacts.,hire,EventPersonnel,hire
partOfMany,If yard is not properly maintained, management reservesthe right to hire someone to mow or care for yard and charge the expense to the resident asadditional rent, after first advising the resident that they have 72 hours to handle the responsibility.28) ABANDONMENT: Any goods, vehicles, or other property left on the premise aftertermination of the tenancy by any means shall be considered abandoned and disposed of asprovided by statute.29) COMPLIANCE WITH THE LAW: Resident shall not violate any applicable local, state orfederal law or regulation in or about the premises.30) INSURANCE: Owner and Management are not responsible for any loss or damage toproperty owned by Resident or guests unless resulting from Management's intentional or negligentacts.,resident,Person,resident
partOfMany,If yard is not properly maintained, management reservesthe right to hire someone to mow or care for yard and charge the expense to the resident asadditional rent, after first advising the resident that they have 72 hours to handle the responsibility.28) ABANDONMENT: Any goods, vehicles, or other property left on the premise aftertermination of the tenancy by any means shall be considered abandoned and disposed of asprovided by statute.29) COMPLIANCE WITH THE LAW: Resident shall not violate any applicable local, state orfederal law or regulation in or about the premises.30) INSURANCE: Owner and Management are not responsible for any loss or damage toproperty owned by Resident or guests unless resulting from Management's intentional or negligentacts.,they,Person,residents
hasAttribute,Additional Rent Charges  Other Fees Not Paid  Damages to Leased Property4.7.2.,Rent Charges  Other Fees Not Paid  Damages,Organization,Rent Charges  Other Fees Not Paid  Damages
hasAttribute,Additional Rent Charges  Other Fees Not Paid  Damages to Leased Property4.7.2.,Property4.7.2,Money,Property4.7.2
locatedAt,Waiver by either party of strict performance of anyprovision of this agreement shall not be a waiver of or prejudice the party's right to require strictperformance of the same provision in the future or any other provision.32) PETS: Resident and/or guests shall not maintain any pets upon the premises, without priorwritten consent of the Management.,pets,Animal,pets
locatedAt,Waiver by either party of strict performance of anyprovision of this agreement shall not be a waiver of or prejudice the party's right to require strictperformance of the same provision in the future or any other provision.32) PETS: Resident and/or guests shall not maintain any pets upon the premises, without priorwritten consent of the Management.,premises,Facility,Premises
agentOf,Please refer to Pet addendum.,Pet,Organization,Pet addendumOther
agentOf,Please refer to Pet addendum.,addendum,EventCommunication,addendum
agentOf,(If applicable)33) EXTENDED ABSENCE: Resident will notify Landlord in advance if Resident will be awayfrom the premises for 7 or more consecutive days.,Resident,Person,1414Resident
agentOf,(If applicable)33) EXTENDED ABSENCE: Resident will notify Landlord in advance if Resident will be awayfrom the premises for 7 or more consecutive days.,notify,EventCommunication,notify
affectedBy,(If applicable)33) EXTENDED ABSENCE: Resident will notify Landlord in advance if Resident will be awayfrom the premises for 7 or more consecutive days.,Landlord,Person,Landlord inwriting
affectedBy,(If applicable)33) EXTENDED ABSENCE: Resident will notify Landlord in advance if Resident will be awayfrom the premises for 7 or more consecutive days.,notify,EventCommunication,notify
locatedAt,(If applicable)33) EXTENDED ABSENCE: Resident will notify Landlord in advance if Resident will be awayfrom the premises for 7 or more consecutive days.,Landlord,Person,Landlord inwriting
locatedAt,(If applicable)33) EXTENDED ABSENCE: Resident will notify Landlord in advance if Resident will be awayfrom the premises for 7 or more consecutive days.,premises,Facility,Premises
agentOf,During such absence, Landlord may enter thepremises at times reasonably necessary to maintain the property and inspect for needed repairs.34) DISCLOSURES: Resident acknowledges that Landlord has made the following disclosures:___ Disclosure of information on Lead Based Paint and/or Lead Based Paint Hazards___ Other disclosure Œ Mold, LEAD-Based Paint35) FUTURE HOMEBUYER: Residents understand and agree that, following each on-timepayment received, the owner has agreed to increase the amount of money by $_____ the residentwill be entitled to receive toward purchase of a home at time of closing.,Resident,Person,1414Resident
agentOf,During such absence, Landlord may enter thepremises at times reasonably necessary to maintain the property and inspect for needed repairs.34) DISCLOSURES: Resident acknowledges that Landlord has made the following disclosures:___ Disclosure of information on Lead Based Paint and/or Lead Based Paint Hazards___ Other disclosure Œ Mold, LEAD-Based Paint35) FUTURE HOMEBUYER: Residents understand and agree that, following each on-timepayment received, the owner has agreed to increase the amount of money by $_____ the residentwill be entitled to receive toward purchase of a home at time of closing.,acknowledges,EventCommunication,acknowledges
agentOf,During such absence, Landlord may enter thepremises at times reasonably necessary to maintain the property and inspect for needed repairs.34) DISCLOSURES: Resident acknowledges that Landlord has made the following disclosures:___ Disclosure of information on Lead Based Paint and/or Lead Based Paint Hazards___ Other disclosure Œ Mold, LEAD-Based Paint35) FUTURE HOMEBUYER: Residents understand and agree that, following each on-timepayment received, the owner has agreed to increase the amount of money by $_____ the residentwill be entitled to receive toward purchase of a home at time of closing.,owner,Person,Landlord inwriting
agentOf,During such absence, Landlord may enter thepremises at times reasonably necessary to maintain the property and inspect for needed repairs.34) DISCLOSURES: Resident acknowledges that Landlord has made the following disclosures:___ Disclosure of information on Lead Based Paint and/or Lead Based Paint Hazards___ Other disclosure Œ Mold, LEAD-Based Paint35) FUTURE HOMEBUYER: Residents understand and agree that, following each on-timepayment received, the owner has agreed to increase the amount of money by $_____ the residentwill be entitled to receive toward purchase of a home at time of closing.,agreed,EventCommunication,agreed
hasAttribute,Residents further understand and agree thatresidents are:1) Responsible for handling all minor repairs, subject to the resident paying the first $100 of anyrepair, unless the repair is needed because of the negligence of the owner or manager.,resident,Person,resident
hasAttribute,Residents further understand and agree thatresidents are:1) Responsible for handling all minor repairs, subject to the resident paying the first $100 of anyrepair, unless the repair is needed because of the negligence of the owner or manager.,$100,Money,$100
locatedAt,In that casethe owner is responsible for the total cost of the repair.RENTAL AGREEMENT - PLAIN LANGUAGE LEASEPOWERED BY DOCRACY.COM of 9142) To pass semiannual property inspections, and3) To annually attend a maintenance class or training offered to residents.,owner,Person,DOCRACY.COM
locatedAt,In that casethe owner is responsible for the total cost of the repair.RENTAL AGREEMENT - PLAIN LANGUAGE LEASEPOWERED BY DOCRACY.COM of 9142) To pass semiannual property inspections, and3) To annually attend a maintenance class or training offered to residents.,property,Facility,property
hasAttribute,By meeting those three requirements, residents will receive an additional $60 every 6 months(following each inspection) added toward their home buyers account.,residents,Person,residents
hasAttribute,By meeting those three requirements, residents will receive an additional $60 every 6 months(following each inspection) added toward their home buyers account.,$60,Money,$60
employedBy,Tenant Owed Utility Bills  Past Rent5.3.,Tenant,Person,Tenant
employedBy,Tenant Owed Utility Bills  Past Rent5.3.,Owed Utility Bills  Past,Organization,Owed Utility Bills  Past
employedBy,Failure to handleminor repairs or failure to pass a property inspection nullifies the total amount accumulated up tothat point in the resident's Future Homebuyers Account.36) SATISFACTORY INSPECTION:a) Tenant agrees to give Landlord a signed property condition inspection sheet when signing thislease.,resident,Person,resident
employedBy,Failure to handleminor repairs or failure to pass a property inspection nullifies the total amount accumulated up tothat point in the resident's Future Homebuyers Account.36) SATISFACTORY INSPECTION:a) Tenant agrees to give Landlord a signed property condition inspection sheet when signing thislease.,Future Homebuyers,Organization,Future Homebuyers Program
productOf,Failure to handleminor repairs or failure to pass a property inspection nullifies the total amount accumulated up tothat point in the resident's Future Homebuyers Account.36) SATISFACTORY INSPECTION:a) Tenant agrees to give Landlord a signed property condition inspection sheet when signing thislease.,Account.36,Product,Account.36
productOf,Failure to handleminor repairs or failure to pass a property inspection nullifies the total amount accumulated up tothat point in the resident's Future Homebuyers Account.36) SATISFACTORY INSPECTION:a) Tenant agrees to give Landlord a signed property condition inspection sheet when signing thislease.,Future Homebuyers,Organization,Future Homebuyers Program
agentOf,Failure to handleminor repairs or failure to pass a property inspection nullifies the total amount accumulated up tothat point in the resident's Future Homebuyers Account.36) SATISFACTORY INSPECTION:a) Tenant agrees to give Landlord a signed property condition inspection sheet when signing thislease.,Tenant,Organization,Use of Leased Property Tenant
agentOf,Failure to handleminor repairs or failure to pass a property inspection nullifies the total amount accumulated up tothat point in the resident's Future Homebuyers Account.36) SATISFACTORY INSPECTION:a) Tenant agrees to give Landlord a signed property condition inspection sheet when signing thislease.,agrees,EventCommunication,agrees
agentOf,It is TenantMs responsibility to return a signed copy by certified mail within five (5) daysto the Landlord.c) If the inspection sheet is not returned within the five (5) days, Tenant agrees the leased propertyis in satisfactory condition.37) NO OTHER PROMISES: No promises have been made to Resident except as contained inthis agreement, and as follows: ___________________________________________________38) USE OF PREMISES.,Tenant,Organization,Use of Leased Property Tenant
agentOf,It is TenantMs responsibility to return a signed copy by certified mail within five (5) daysto the Landlord.c) If the inspection sheet is not returned within the five (5) days, Tenant agrees the leased propertyis in satisfactory condition.37) NO OTHER PROMISES: No promises have been made to Resident except as contained inthis agreement, and as follows: ___________________________________________________38) USE OF PREMISES.,agrees,EventCommunication,agrees
hasAttribute,ARENTAL AGREEMENT - PLAIN LANGUAGE LEASEPOWERED BY DOCRACY.COM of 1014charge of $100 for opening the premises beyond those hours.,1014charge,Person,1014charge
hasAttribute,ARENTAL AGREEMENT - PLAIN LANGUAGE LEASEPOWERED BY DOCRACY.COM of 1014charge of $100 for opening the premises beyond those hours.,$100,Money,$100
locatedAt,ARENTAL AGREEMENT - PLAIN LANGUAGE LEASEPOWERED BY DOCRACY.COM of 1014charge of $100 for opening the premises beyond those hours.,1014charge,Person,1014charge
locatedAt,ARENTAL AGREEMENT - PLAIN LANGUAGE LEASEPOWERED BY DOCRACY.COM of 1014charge of $100 for opening the premises beyond those hours.,premises,Facility,Premises
locatedAt,Additional charges apply if key is lostand locks must be changed.41) VEHICLES: Only authorized vehicles may be parked on the premises.,vehicles,Vehicle,vehicles
locatedAt,Additional charges apply if key is lostand locks must be changed.41) VEHICLES: Only authorized vehicles may be parked on the premises.,premises,Facility,Premises
locatedAt,Vehicles must be parked only on paved or designated areas.,Vehicles,Vehicle,vehicles
locatedAt,Vehicles must be parked only on paved or designated areas.,areas,Location,areas
locatedAt,Resident furtherunderstands that no repairing, servicing or painting of the vehicle is permitted on the premises.,vehicle,Vehicle,vehicles
locatedAt,Resident furtherunderstands that no repairing, servicing or painting of the vehicle is permitted on the premises.,premises,Facility,Premises
agentOf,Resident also agrees never to park or store a recreational vehicle, motor home or trailer of anytype.42) REPAIRS/REPORTING: Resident shall notify manager immediately in writing of allequipment malfunctions, failure to supply services, or repairs needed.,Resident,Person,resident
agentOf,Resident also agrees never to park or store a recreational vehicle, motor home or trailer of anytype.42) REPAIRS/REPORTING: Resident shall notify manager immediately in writing of allequipment malfunctions, failure to supply services, or repairs needed.,agrees,EventCommunication,agrees
hasAttribute,Tenant Owed Utility Bills  Past Rent5.3.,Owed Utility Bills  Past,Organization,Owed Utility Bills  Past
hasAttribute,Tenant Owed Utility Bills  Past Rent5.3.,Rent5.3,Money,Rent5.3
locatedAt,Resident also agrees never to park or store a recreational vehicle, motor home or trailer of anytype.42) REPAIRS/REPORTING: Resident shall notify manager immediately in writing of allequipment malfunctions, failure to supply services, or repairs needed.,vehicle,Vehicle,vehicles
locatedAt,Resident also agrees never to park or store a recreational vehicle, motor home or trailer of anytype.42) REPAIRS/REPORTING: Resident shall notify manager immediately in writing of allequipment malfunctions, failure to supply services, or repairs needed.,home,Facility,home
agentOf,Resident also agrees never to park or store a recreational vehicle, motor home or trailer of anytype.42) REPAIRS/REPORTING: Resident shall notify manager immediately in writing of allequipment malfunctions, failure to supply services, or repairs needed.,Resident,Person,resident
agentOf,Resident also agrees never to park or store a recreational vehicle, motor home or trailer of anytype.42) REPAIRS/REPORTING: Resident shall notify manager immediately in writing of allequipment malfunctions, failure to supply services, or repairs needed.,notify,EventCommunication,notify
affectedBy,Resident also agrees never to park or store a recreational vehicle, motor home or trailer of anytype.42) REPAIRS/REPORTING: Resident shall notify manager immediately in writing of allequipment malfunctions, failure to supply services, or repairs needed.,manager,Person,resident
affectedBy,Resident also agrees never to park or store a recreational vehicle, motor home or trailer of anytype.42) REPAIRS/REPORTING: Resident shall notify manager immediately in writing of allequipment malfunctions, failure to supply services, or repairs needed.,notify,EventCommunication,notify
residesIn,Resident's duty to indemnify shall not apply to or prevent any claim by Resident againstmanager for injury or damage to Resident or Resident's property for which manager may be liable.44) FREE UPGRADE REFERRAL: The owner agrees to offer a free property upgrade once ayear to any resident who recommends and refers just one qualified prospective resident to one ofour rentals during the course of any year.,Resident,Person,1414Resident
residesIn,Resident's duty to indemnify shall not apply to or prevent any claim by Resident againstmanager for injury or damage to Resident or Resident's property for which manager may be liable.44) FREE UPGRADE REFERRAL: The owner agrees to offer a free property upgrade once ayear to any resident who recommends and refers just one qualified prospective resident to one ofour rentals during the course of any year.,property,Facility,property
agentOf,Resident's duty to indemnify shall not apply to or prevent any claim by Resident againstmanager for injury or damage to Resident or Resident's property for which manager may be liable.44) FREE UPGRADE REFERRAL: The owner agrees to offer a free property upgrade once ayear to any resident who recommends and refers just one qualified prospective resident to one ofour rentals during the course of any year.,owner,Person,Fill
agentOf,Resident's duty to indemnify shall not apply to or prevent any claim by Resident againstmanager for injury or damage to Resident or Resident's property for which manager may be liable.44) FREE UPGRADE REFERRAL: The owner agrees to offer a free property upgrade once ayear to any resident who recommends and refers just one qualified prospective resident to one ofour rentals during the course of any year.,agrees,EventCommunication,agrees
agentOf,Resident's duty to indemnify shall not apply to or prevent any claim by Resident againstmanager for injury or damage to Resident or Resident's property for which manager may be liable.44) FREE UPGRADE REFERRAL: The owner agrees to offer a free property upgrade once ayear to any resident who recommends and refers just one qualified prospective resident to one ofour rentals during the course of any year.,resident,Person,resident
agentOf,Resident's duty to indemnify shall not apply to or prevent any claim by Resident againstmanager for injury or damage to Resident or Resident's property for which manager may be liable.44) FREE UPGRADE REFERRAL: The owner agrees to offer a free property upgrade once ayear to any resident who recommends and refers just one qualified prospective resident to one ofour rentals during the course of any year.,recommends,EventCommunication,recommends
agentOf,Resident's duty to indemnify shall not apply to or prevent any claim by Resident againstmanager for injury or damage to Resident or Resident's property for which manager may be liable.44) FREE UPGRADE REFERRAL: The owner agrees to offer a free property upgrade once ayear to any resident who recommends and refers just one qualified prospective resident to one ofour rentals during the course of any year.,who,Person,resident
agentOf,Resident's duty to indemnify shall not apply to or prevent any claim by Resident againstmanager for injury or damage to Resident or Resident's property for which manager may be liable.44) FREE UPGRADE REFERRAL: The owner agrees to offer a free property upgrade once ayear to any resident who recommends and refers just one qualified prospective resident to one ofour rentals during the course of any year.,recommends,EventCommunication,recommends
partOfMany,Appliances that are located on the premises are theresolely at the convenience of the owner, who assumes no responsibility for their operation.,owner,Person,owner
partOfMany,Appliances that are located on the premises are theresolely at the convenience of the owner, who assumes no responsibility for their operation.,their,Person,residents
partOfMany,Appliances that are located on the premises are theresolely at the convenience of the owner, who assumes no responsibility for their operation.,who,Person,owner
partOfMany,Appliances that are located on the premises are theresolely at the convenience of the owner, who assumes no responsibility for their operation.,their,Person,residents
agentOf,If residents wish, atany time they may request that the appliances be removed.,they,Person,residents
agentOf,If residents wish, atany time they may request that the appliances be removed.,request,EventCommunication,request
partOfMany,The owner will dispose of them at hisexpense.46) MANAGER'S RIGHT TO ACCESS: Manager shall have the right to enter the premises inRENTAL AGREEMENT - PLAIN LANGUAGE LEASEPOWERED BY DOCRACY.COM of 1114order to inspect the Premises, make necessary or agreed repairs or improvements, supply necessaryor agreed services, or show the premises to prospective residents, purchasers or contractors.,owner,Person,DOCRACY.COM
partOfMany,The owner will dispose of them at hisexpense.46) MANAGER'S RIGHT TO ACCESS: Manager shall have the right to enter the premises inRENTAL AGREEMENT - PLAIN LANGUAGE LEASEPOWERED BY DOCRACY.COM of 1114order to inspect the Premises, make necessary or agreed repairs or improvements, supply necessaryor agreed services, or show the premises to prospective residents, purchasers or contractors.,them,Person,residents
locatedAt,The owner will dispose of them at hisexpense.46) MANAGER'S RIGHT TO ACCESS: Manager shall have the right to enter the premises inRENTAL AGREEMENT - PLAIN LANGUAGE LEASEPOWERED BY DOCRACY.COM of 1114order to inspect the Premises, make necessary or agreed repairs or improvements, supply necessaryor agreed services, or show the premises to prospective residents, purchasers or contractors.,DOCRACY.COM,Person,DOCRACY.COM
locatedAt,The owner will dispose of them at hisexpense.46) MANAGER'S RIGHT TO ACCESS: Manager shall have the right to enter the premises inRENTAL AGREEMENT - PLAIN LANGUAGE LEASEPOWERED BY DOCRACY.COM of 1114order to inspect the Premises, make necessary or agreed repairs or improvements, supply necessaryor agreed services, or show the premises to prospective residents, purchasers or contractors.,Premises,Facility,Premises
hasAttribute,Legal and Court Costs  Current Rent6.12) CERTIFICATE OF REGISTRATION: Landlord will provide Tenant a copy ofLandlordMs Certificate of Registration at the execution of this Lease or commencement of the term.,Court,Organization,court
hasAttribute,Legal and Court Costs  Current Rent6.12) CERTIFICATE OF REGISTRATION: Landlord will provide Tenant a copy ofLandlordMs Certificate of Registration at the execution of this Lease or commencement of the term.,Rent6.12,Money,Rent6.12
locatedAt,The owner will dispose of them at hisexpense.46) MANAGER'S RIGHT TO ACCESS: Manager shall have the right to enter the premises inRENTAL AGREEMENT - PLAIN LANGUAGE LEASEPOWERED BY DOCRACY.COM of 1114order to inspect the Premises, make necessary or agreed repairs or improvements, supply necessaryor agreed services, or show the premises to prospective residents, purchasers or contractors.,residents,Person,residents
locatedAt,The owner will dispose of them at hisexpense.46) MANAGER'S RIGHT TO ACCESS: Manager shall have the right to enter the premises inRENTAL AGREEMENT - PLAIN LANGUAGE LEASEPOWERED BY DOCRACY.COM of 1114order to inspect the Premises, make necessary or agreed repairs or improvements, supply necessaryor agreed services, or show the premises to prospective residents, purchasers or contractors.,premises,Facility,Premises
participantIn,Failure of Residentto provide appropriate written notice to terminate a month-to-month tenancy will result in aResident's continuing obligation under this Agreement for up to thirty (30) days.48) LIENS: Except with respect to activities for which manager is responsible, Resident shall payas due all claims for work done on and for services rendered or material furnished to the Premises,and shall keep the Premises free from any liens caused by Resident's failure to meet Resident'sobligations.49) DAMAGE AND DESTRUCTION: In the event the Premises is severely damaged ordestroyed by fire or other casualty, either party may terminate the lease.,Resident,Person,1414Resident
participantIn,Failure of Residentto provide appropriate written notice to terminate a month-to-month tenancy will result in aResident's continuing obligation under this Agreement for up to thirty (30) days.48) LIENS: Except with respect to activities for which manager is responsible, Resident shall payas due all claims for work done on and for services rendered or material furnished to the Premises,and shall keep the Premises free from any liens caused by Resident's failure to meet Resident'sobligations.49) DAMAGE AND DESTRUCTION: In the event the Premises is severely damaged ordestroyed by fire or other casualty, either party may terminate the lease.,meet,EventMeeting,meet
locatedAt,These reports may be beneficial in helping you rentor buy a car or house in the future.,you,Person,your
locatedAt,These reports may be beneficial in helping you rentor buy a car or house in the future.,car,Vehicle,vehicles
locatedAt,These reports may be beneficial in helping you rentor buy a car or house in the future.,car,Vehicle,vehicles
locatedAt,These reports may be beneficial in helping you rentor buy a car or house in the future.,house,Facility,house
affectedBy,Please note; a poor payment performance andany judgments are reported to national credit agencies and will be made available to futurelandlords, banks and other creditors who residents may want to do business with in the future.Therefore, it is important that residents understand that the credit they establish with the ownerand the reputation they develop through performance reports during the rental term (good or bad)can follow residents for many years.,credit agencies,Organization,credit agencies
affectedBy,Please note; a poor payment performance andany judgments are reported to national credit agencies and will be made available to futurelandlords, banks and other creditors who residents may want to do business with in the future.Therefore, it is important that residents understand that the credit they establish with the ownerand the reputation they develop through performance reports during the rental term (good or bad)can follow residents for many years.,reported,EventCommunication,reported
agentOf,Because of such importance of performances reported, aresident will always be notified when a nonpayment or rental violation occurs and the resident willbe given an opportunity to immediately correct any poor performance before it is reported.51) SECURITY DEPOSITSa) If Tenant breaks this lease in any way, the security deposit is not refundable.b) Tenant agrees to give Landlord a written forwarding address and return all keys  movingbeforefrom the leased property.,Tenant,Organization,Use of Leased Property Tenant
agentOf,Because of such importance of performances reported, aresident will always be notified when a nonpayment or rental violation occurs and the resident willbe given an opportunity to immediately correct any poor performance before it is reported.51) SECURITY DEPOSITSa) If Tenant breaks this lease in any way, the security deposit is not refundable.b) Tenant agrees to give Landlord a written forwarding address and return all keys  movingbeforefrom the leased property.,agrees,EventCommunication,agrees
employedBy,Because of such importance of performances reported, aresident will always be notified when a nonpayment or rental violation occurs and the resident willbe given an opportunity to immediately correct any poor performance before it is reported.51) SECURITY DEPOSITSa) If Tenant breaks this lease in any way, the security deposit is not refundable.b) Tenant agrees to give Landlord a written forwarding address and return all keys  movingbeforefrom the leased property.,Landlord,Person,Landlord inwriting
employedBy,Because of such importance of performances reported, aresident will always be notified when a nonpayment or rental violation occurs and the resident willbe given an opportunity to immediately correct any poor performance before it is reported.51) SECURITY DEPOSITSa) If Tenant breaks this lease in any way, the security deposit is not refundable.b) Tenant agrees to give Landlord a written forwarding address and return all keys  movingbeforefrom the leased property.,Tenant,Organization,Use of Leased Property Tenant
employedBy,Landlord gives Tenant a list detailing the costs of all damages subtracted from thesecurity deposit.d) Landlord will use security deposit money in the following order:1.,Landlord,Person,Landlord inwriting
employedBy,Landlord gives Tenant a list detailing the costs of all damages subtracted from thesecurity deposit.d) Landlord will use security deposit money in the following order:1.,Tenant,Organization,Use of Leased Property Tenant
ownerOf,Because of such importance of performances reported, aresident will always be notified when a nonpayment or rental violation occurs and the resident willbe given an opportunity to immediately correct any poor performance before it is reported.51) SECURITY DEPOSITSa) If Tenant breaks this lease in any way, the security deposit is not refundable.b) Tenant agrees to give Landlord a written forwarding address and return all keys  movingbeforefrom the leased property.,Tenant,Organization,Use of Leased Property Tenant
ownerOf,Because of such importance of performances reported, aresident will always be notified when a nonpayment or rental violation occurs and the resident willbe given an opportunity to immediately correct any poor performance before it is reported.51) SECURITY DEPOSITSa) If Tenant breaks this lease in any way, the security deposit is not refundable.b) Tenant agrees to give Landlord a written forwarding address and return all keys  movingbeforefrom the leased property.,property,Facility,property
hasAttribute,Additional Rent Charges  Past Due Rent5.2.,Rent Charges  Past Due,Organization,Rent Charges  Past Due
hasAttribute,Additional Rent Charges  Past Due Rent5.2.,Rent5.2,Money,Rent5.2
hasAttribute,Tenant-owed Utility Bills  Current Rent6.3.,Utility Bills  Current,Organization,Utility Bills  Current
hasAttribute,Tenant-owed Utility Bills  Current Rent6.3.,Rent6.3,Money,Rent6.3
agentOf,Legal and Court Costs  Current Rent6.12) CERTIFICATE OF REGISTRATION: Landlord will provide Tenant a copy ofLandlordMs Certificate of Registration at the execution of this Lease or commencement of the term.,Certificate of Registration,Organization,Certificate of Registration
agentOf,Legal and Court Costs  Current Rent6.12) CERTIFICATE OF REGISTRATION: Landlord will provide Tenant a copy ofLandlordMs Certificate of Registration at the execution of this Lease or commencement of the term.,execution,EventLegal,execution
partOf,The following additional provisions are part ofRENTAL AGREEMENT - PLAIN LANGUAGE LEASEPOWERED BY DOCRACY.COM of 1314this agreement:__________________________________________________________________________________________________________________________________________________________________________________________________________________53) VALIDITY OF EACH PART: If any portion of this Agreement is held to be invalid, itsinvalidity will not affect the enforceability of any other provision.54) GROUNDS FOR TERMINATION: The failure of Resident or guests to comply with anyterm of this agreement is grounds for termination, with appropriate notice and procedures requiredby law.55)₠₠₠₠ That Resident has read all the stipulationsREAD THIS ENTIRE AGREEMENT:contained in the rental agreement, agrees to comply and has received a copy thereof.56) INSPECTIONa) Tenant agrees to give Landlord a signed inspection sheet when signing this lease.,Tenant,Organization,Use of Leased Property Tenant
partOf,The following additional provisions are part ofRENTAL AGREEMENT - PLAIN LANGUAGE LEASEPOWERED BY DOCRACY.COM of 1314this agreement:__________________________________________________________________________________________________________________________________________________________________________________________________________________53) VALIDITY OF EACH PART: If any portion of this Agreement is held to be invalid, itsinvalidity will not affect the enforceability of any other provision.54) GROUNDS FOR TERMINATION: The failure of Resident or guests to comply with anyterm of this agreement is grounds for termination, with appropriate notice and procedures requiredby law.55)₠₠₠₠ That Resident has read all the stipulationsREAD THIS ENTIRE AGREEMENT:contained in the rental agreement, agrees to comply and has received a copy thereof.56) INSPECTIONa) Tenant agrees to give Landlord a signed inspection sheet when signing this lease.,INSPECTIONa,Organization,INSPECTIONa
agentOf,The following additional provisions are part ofRENTAL AGREEMENT - PLAIN LANGUAGE LEASEPOWERED BY DOCRACY.COM of 1314this agreement:__________________________________________________________________________________________________________________________________________________________________________________________________________________53) VALIDITY OF EACH PART: If any portion of this Agreement is held to be invalid, itsinvalidity will not affect the enforceability of any other provision.54) GROUNDS FOR TERMINATION: The failure of Resident or guests to comply with anyterm of this agreement is grounds for termination, with appropriate notice and procedures requiredby law.55)₠₠₠₠ That Resident has read all the stipulationsREAD THIS ENTIRE AGREEMENT:contained in the rental agreement, agrees to comply and has received a copy thereof.56) INSPECTIONa) Tenant agrees to give Landlord a signed inspection sheet when signing this lease.,Tenant,Organization,Use of Leased Property Tenant
agentOf,The following additional provisions are part ofRENTAL AGREEMENT - PLAIN LANGUAGE LEASEPOWERED BY DOCRACY.COM of 1314this agreement:__________________________________________________________________________________________________________________________________________________________________________________________________________________53) VALIDITY OF EACH PART: If any portion of this Agreement is held to be invalid, itsinvalidity will not affect the enforceability of any other provision.54) GROUNDS FOR TERMINATION: The failure of Resident or guests to comply with anyterm of this agreement is grounds for termination, with appropriate notice and procedures requiredby law.55)₠₠₠₠ That Resident has read all the stipulationsREAD THIS ENTIRE AGREEMENT:contained in the rental agreement, agrees to comply and has received a copy thereof.56) INSPECTIONa) Tenant agrees to give Landlord a signed inspection sheet when signing this lease.,agrees,EventCommunication,agrees
agentOf,It is TenantMs responsibility to return a signed copy by certified mail within five (5) daysto the Landlord.c) If the inspection sheet is not returned within the five (5) days, Tenant agrees the leased propertyis in satisfactory condition.57) BILLING FOR UTILITIES THAT REMAIN IN LANDLORDMS NAME: If landlordkeeps utility bills in landlordMs name, or local municipalities require bills to stay in landlordMs name,landlord will forward bill to tenant.,Tenant,Organization,Use of Leased Property Tenant
agentOf,It is TenantMs responsibility to return a signed copy by certified mail within five (5) daysto the Landlord.c) If the inspection sheet is not returned within the five (5) days, Tenant agrees the leased propertyis in satisfactory condition.57) BILLING FOR UTILITIES THAT REMAIN IN LANDLORDMS NAME: If landlordkeeps utility bills in landlordMs name, or local municipalities require bills to stay in landlordMs name,landlord will forward bill to tenant.,agrees,EventCommunication,agrees
employedBy,Tenant is then responsible to pay the utility company promptly.58) BILLING FOR UTILITIES THAT REMAIN IN LANDLORDMS NAMEa) When the Landlord receives the utility bill, Landlord will pay the bill and submit a copy toTenant.,Landlord,Person,Landlord inwriting
employedBy,Tenant is then responsible to pay the utility company promptly.58) BILLING FOR UTILITIES THAT REMAIN IN LANDLORDMS NAMEa) When the Landlord receives the utility bill, Landlord will pay the bill and submit a copy toTenant.,utility bill,Organization,Utility Bills  Current
locatedAt,If Landlord files an amended certificate during the term of this Lease, Landlord shall furnish Tenantwith a copy of the amended certificate within seven (7) days after the amended certificate is filedwith the municipal clerk, or with such other municipal official as is designated by the clerk.13) SECURITY DEPOSIT AND RETURN THEREOF: Upon execution of this lease,Tenant will deposit with Landlord the sum of______________________________________________ Dollars ($__________), the amount ofwhich does not exceed 1 &frac12; months rent, which is to be held as collateral security andapplied on any rent or any other charge that may remain due and owing at the expiration of thisagreement, any extension thereof or holding over period or applied on any damages to the premisescaused by the Tenant, his family, invitees, employees, trades people or pets,,Tenant,Person,Tenant
locatedAt,If Landlord files an amended certificate during the term of this Lease, Landlord shall furnish Tenantwith a copy of the amended certificate within seven (7) days after the amended certificate is filedwith the municipal clerk, or with such other municipal official as is designated by the clerk.13) SECURITY DEPOSIT AND RETURN THEREOF: Upon execution of this lease,Tenant will deposit with Landlord the sum of______________________________________________ Dollars ($__________), the amount ofwhich does not exceed 1 &frac12; months rent, which is to be held as collateral security andapplied on any rent or any other charge that may remain due and owing at the expiration of thisagreement, any extension thereof or holding over period or applied on any damages to the premisescaused by the Tenant, his family, invitees, employees, trades people or pets,,Dollars,Facility,Dollars
