portion of the Sublandlord, 1, 0.719823
RESIDENTIAL SUBLEASE, 2, 0.702638
Sublease Agreement, 3, 0.622487
rights of the Master Landlord, 1, 0.615984
RESIDENTIAL SUBLEASE AGREEMENTParties, 1, 0.594152
Subtenant, 20, 0.576884
lease start date, 1, 0.57455
total monthly rent, 1, 0.564494
Master Lease, 7, 0.555346
late charge, 1, 0.555192
first day of each month, 1, 0.553655
termination of this Sublease Agreement, 1, 0.552673
postmark date of the letter, 1, 0.551789
Condition of the Premises, 1, 0.541894
Security Deposit, 2, 0.537101
Rent Amount, 1, 0.535821
original good condition, 1, 0.534301
