Consultant,JobTitle
Company,Company
information Consultant candocument,JobTitle
consultant of Company,JobTitle
licensedby Consultant,JobTitle
Consultant willpromptly,JobTitle
exceptthat Consultant,JobTitle
obligation Consultant,JobTitle
Delaware,Location
New York,Location
€Consultant,JobTitle
U.S.,Location
partner,JobTitle
Servicesor,Company
Board of Directors,Organization
New York County,Location
New York,Location
telecopy,Person
soTo,Person
Companypersonnel,Person
Consultantwill,Person
harassment,Crime
anaccompanying,Company
byConsultant,Company
anyreason,Company
one year,Quantity
30 days,Quantity
