Landlord,Company
Tenant,Company
Landlord Resident Act.If,Organization
thepremises,Location
Premises of Resident,Organization
Resident againstmanager,Person
theresident,Company
eachmonth,Location
agreementKey,Company
Owner and Management,JobTitle
agreementAdditional,Company
Additionalresidents,Person
theLandlord,Company
casethe,Location
landlord™s name,landlord,Location
necessaryor,Company
landlord™s,Location
official,JobTitle
Exceptin,Person
aResident,Company
attorney,JobTitle
Residentto,Company
depositTenant,Company
Tenantwith,Company
$100,Quantity
six months,Quantity
24 hours,Quantity
72 hours,Quantity
10 days,Quantity
5 days,Quantity
twelve month,Quantity
60 degrees,Quantity
three days,Quantity
3 percent,Quantity
two weeks,Quantity
6 months,Quantity
2 years,Quantity
20 days,Quantity
30 days,Quantity
60 days,Quantity
72 hour,Quantity
7 days,Quantity
90 day,Quantity
12.5%,Quantity
